date,time,tempC,tempF,windspeedMiles,windspeedKmph,winddirdegree,winddir16point,weatherCode,weatherIconUrl,weatherDesc,precipMM,humidity,visibilityKm,pressureMB,cloudcover,HeatIndexC,HeatIndexF,DewPointC,DewPointF,WindChillC,WindChillF,WindGustMiles,WindGustKmph,FeelsLikeC,FeelsLikeF,chanceofrain,chanceofremdry,chanceofwindy,chanceofovercast,chanceofsunshine,chanceoffrost,chanceofhightemp,chanceoffog,chanceofsnow,chanceofthunder
5/19/2019,0,15,59,4,6,7,N,353,http://cdn.worldweatheronline.net/images/wsymbols01_png_64/wsymbol_0025_light_rain_showers_night.png,Light rain shower,0.1,79,15,1007,63,15,59,12,53,15,59,6,9,15,59,26,62,0,55,51,0,0,0,0,0
5/19/2019,100,15,58,4,6,8,N,116,http://cdn.worldweatheronline.net/images/wsymbols01_png_64/wsymbol_0004_black_low_cloud.png,Partly cloudy,0,82,14,1007,48,15,58,12,53,15,58,5,8,15,58,0,93,0,41,76,0,0,0,0,0
5/19/2019,200,14,57,4,6,125,SE,119,http://cdn.worldweatheronline.net/images/wsymbols01_png_64/wsymbol_0004_black_low_cloud.png,Cloudy,0,84,16,1007,53,14,57,11,52,14,57,6,9,14,57,0,90,0,58,53,0,0,0,0,0
5/19/2019,300,13,56,4,7,242,WSW,116,http://cdn.worldweatheronline.net/images/wsymbols01_png_64/wsymbol_0004_black_low_cloud.png,Partly cloudy,0,85,18,1007,59,13,56,11,52,13,56,6,9,13,56,0,87,0,74,31,0,0,0,0,0
5/19/2019,400,13,55,4,7,359,N,119,http://cdn.worldweatheronline.net/images/wsymbols01_png_64/wsymbol_0004_black_low_cloud.png,Cloudy,0,86,20,1007,64,13,55,11,51,12,54,6,10,12,54,0,84,0,91,8,0,0,0,0,0
5/19/2019,500,13,55,5,8,241,WSW,122,http://cdn.worldweatheronline.net/images/wsymbols01_png_64/wsymbol_0004_black_low_cloud.png,Overcast,0,84,20,1007,74,13,55,10,50,12,54,6,10,12,54,0,83,0,91,7,0,0,0,0,0
5/19/2019,600,13,55,5,8,123,ESE,119,http://cdn.worldweatheronline.net/images/wsymbols01_png_64/wsymbol_0004_black_low_cloud.png,Cloudy,0,82,20,1008,84,13,55,10,49,12,54,6,10,12,54,0,82,0,91,6,0,0,0,0,0
5/19/2019,700,13,55,5,8,5,N,122,http://cdn.worldweatheronline.net/images/wsymbols01_png_64/wsymbol_0004_black_low_cloud.png,Overcast,0,80,20,1008,94,13,55,9,49,12,54,6,10,12,54,0,81,0,91,5,0,0,0,0,0
5/19/2019,800,14,57,5,8,4,N,122,http://cdn.worldweatheronline.net/images/wsymbols01_png_64/wsymbol_0004_black_low_cloud.png,Overcast,0,75,20,1008,96,14,57,10,49,14,56,6,10,14,56,0,81,0,90,7,0,0,0,0,0
5/19/2019,900,15,60,5,8,3,N,122,http://cdn.worldweatheronline.net/images/wsymbols01_png_64/wsymbol_0004_black_low_cloud.png,Overcast,0,70,19,1008,97,15,60,10,50,15,59,6,10,15,59,0,80,0,88,8,0,0,0,0,0
5/19/2019,1000,17,62,5,8,2,N,122,http://cdn.worldweatheronline.net/images/wsymbols01_png_64/wsymbol_0004_black_low_cloud.png,Overcast,0,65,19,1008,98,17,62,10,50,17,62,6,9,17,62,0,80,0,87,10,0,0,0,0,0
5/19/2019,1100,17,63,5,8,120,ESE,119,http://cdn.worldweatheronline.net/images/wsymbols01_png_64/wsymbol_0003_white_cloud.png,Cloudy,0,64,18,1008,93,17,63,10,51,17,63,6,9,17,63,0,84,0,86,13,0,0,0,0,0
5/19/2019,1200,18,64,5,8,238,WSW,122,http://cdn.worldweatheronline.net/images/wsymbols01_png_64/wsymbol_0004_black_low_cloud.png,Overcast,0,63,17,1009,88,18,64,11,51,18,64,6,9,18,64,0,89,0,85,15,0,0,0,0,0
5/19/2019,1300,18,65,5,8,356,N,119,http://cdn.worldweatheronline.net/images/wsymbols01_png_64/wsymbol_0003_white_cloud.png,Cloudy,0,62,15,1009,83,18,65,11,51,18,65,6,9,18,65,0,93,0,84,18,0,0,0,0,0
5/19/2019,1400,19,66,6,10,355,N,353,http://cdn.worldweatheronline.net/images/wsymbols01_png_64/wsymbol_0009_light_rain_showers.png,Light rain shower,0.7,60,15,1008,85,19,66,11,52,19,66,8,13,19,66,28,62,0,84,12,0,0,0,0,0
5/19/2019,1500,20,67,7,12,354,N,119,http://cdn.worldweatheronline.net/images/wsymbols01_png_64/wsymbol_0003_white_cloud.png,Cloudy,1.3,58,15,1008,87,20,67,11,52,20,67,10,16,20,67,57,31,0,85,6,0,0,0,0,0
5/19/2019,1600,20,68,8,13,353,N,353,http://cdn.worldweatheronline.net/images/wsymbols01_png_64/wsymbol_0009_light_rain_showers.png,Light rain shower,2,56,15,1008,88,20,68,11,52,20,68,12,20,20,68,85,0,0,85,0,0,0,0,0,0
5/19/2019,1700,19,67,8,13,354,N,356,http://cdn.worldweatheronline.net/images/wsymbols01_png_64/wsymbol_0010_heavy_rain_showers.png,Moderate or heavy rain shower,2.7,60,15,1008,83,19,67,11,52,19,67,13,21,19,67,77,0,0,87,0,0,0,0,0,0
5/19/2019,1800,19,66,9,14,355,N,353,http://cdn.worldweatheronline.net/images/wsymbols01_png_64/wsymbol_0009_light_rain_showers.png,Light rain shower,3.4,63,15,1008,78,19,66,12,53,19,66,14,23,19,66,68,0,0,88,0,0,0,0,0,0
5/19/2019,1900,18,64,9,14,357,N,356,http://cdn.worldweatheronline.net/images/wsymbols01_png_64/wsymbol_0010_heavy_rain_showers.png,Moderate or heavy rain shower,4.1,67,15,1008,73,18,64,12,53,18,64,15,24,18,64,60,0,0,90,0,0,0,0,0,0
5/19/2019,2000,17,63,8,13,355,N,353,http://cdn.worldweatheronline.net/images/wsymbols01_png_64/wsymbol_0009_light_rain_showers.png,Light rain shower,2.8,70,14,1009,74,17,63,12,53,17,63,14,22,17,63,70,0,0,87,0,0,0,0,0,0
5/19/2019,2100,16,61,8,13,352,N,356,http://cdn.worldweatheronline.net/images/wsymbols01_png_64/wsymbol_0010_heavy_rain_showers.png,Moderate or heavy rain shower,1.6,74,14,1009,75,16,61,12,53,16,61,13,20,16,61,79,0,0,84,0,0,0,0,0,0
5/19/2019,2200,15,60,8,13,350,N,353,http://cdn.worldweatheronline.net/images/wsymbols01_png_64/wsymbol_0025_light_rain_showers_night.png,Light rain shower,0.3,78,13,1010,75,15,60,11,53,15,60,11,18,15,60,89,0,0,81,0,0,0,0,0,0
5/19/2019,2300,15,58,7,12,350,N,116,http://cdn.worldweatheronline.net/images/wsymbols01_png_64/wsymbol_0004_black_low_cloud.png,Partly cloudy,0.2,79,13,1010,60,15,58,11,52,14,58,11,17,14,58,59,28,0,68,23,0,0,0,0,0
5/20/2019,0,14,57,7,11,350,N,353,http://cdn.worldweatheronline.net/images/wsymbols01_png_64/wsymbol_0025_light_rain_showers_night.png,Light rain shower,0.1,80,13,1010,44,14,57,11,51,13,56,10,15,13,56,30,55,0,55,47,0,0,0,0,0
5/20/2019,100,13,56,6,10,349,N,116,http://cdn.worldweatheronline.net/images/wsymbols01_png_64/wsymbol_0004_black_low_cloud.png,Partly cloudy,0,81,13,1010,29,13,56,10,50,13,55,9,14,13,55,0,83,0,42,70,0,0,0,0,0
5/20/2019,200,13,55,6,9,340,NNW,116,http://cdn.worldweatheronline.net/images/wsymbols01_png_64/wsymbol_0004_black_low_cloud.png,Partly cloudy,0,82,14,1010,32,13,55,10,50,12,54,8,13,12,54,0,83,0,44,72,0,0,0,0,0
5/20/2019,300,12,54,5,8,330,NNW,116,http://cdn.worldweatheronline.net/images/wsymbols01_png_64/wsymbol_0004_black_low_cloud.png,Partly cloudy,0,82,14,1011,36,12,54,10,49,12,53,7,11,12,53,0,84,0,45,73,0,0,0,0,0
5/20/2019,400,12,54,4,7,320,NW,116,http://cdn.worldweatheronline.net/images/wsymbols01_png_64/wsymbol_0004_black_low_cloud.png,Partly cloudy,0,82,15,1011,39,12,54,9,48,12,53,6,10,12,53,0,84,0,47,75,0,0,0,0,0
5/20/2019,500,12,54,4,7,318,NW,116,http://cdn.worldweatheronline.net/images/wsymbols01_png_64/wsymbol_0004_black_low_cloud.png,Partly cloudy,0,81,15,1011,35,12,54,9,49,12,53,6,9,12,53,0,84,0,47,76,0,0,0,0,0
5/20/2019,600,13,55,5,8,316,NW,116,http://cdn.worldweatheronline.net/images/wsymbols01_png_64/wsymbol_0004_black_low_cloud.png,Partly cloudy,0,80,15,1011,31,13,55,9,49,12,54,6,9,12,54,0,83,0,48,77,0,0,0,0,0
5/20/2019,700,13,55,5,8,314,NW,116,http://cdn.worldweatheronline.net/images/wsymbols01_png_64/wsymbol_0002_sunny_intervals.png,Partly cloudy,0,79,14,1011,26,13,55,9,49,12,54,6,9,12,54,0,83,0,48,78,0,0,0,0,0
5/20/2019,800,14,58,5,8,321,NW,122,http://cdn.worldweatheronline.net/images/wsymbols01_png_64/wsymbol_0004_black_low_cloud.png,Overcast,0,73,16,1012,47,14,58,10,49,14,57,6,9,14,57,0,83,0,61,57,0,0,0,0,0
5/20/2019,900,16,60,5,9,327,NNW,116,http://cdn.worldweatheronline.net/images/wsymbols01_png_64/wsymbol_0002_sunny_intervals.png,Partly cloudy,0,67,18,1012,68,16,60,10,49,16,60,6,10,16,60,0,82,0,73,36,0,0,0,0,0
5/20/2019,1000,17,63,6,9,333,NNW,122,http://cdn.worldweatheronline.net/images/wsymbols01_png_64/wsymbol_0004_black_low_cloud.png,Overcast,0,61,20,1012,88,17,63,10,50,17,63,6,10,17,63,0,82,0,86,15,0,0,0,0,0
5/20/2019,1100,19,65,6,9,337,NNW,116,http://cdn.worldweatheronline.net/images/wsymbols01_png_64/wsymbol_0002_sunny_intervals.png,Partly cloudy,0,56,19,1012,79,20,67,10,49,19,65,6,10,19,65,0,86,0,69,37,0,0,0,0,0
5/20/2019,1200,20,68,6,9,341,NNW,122,http://cdn.worldweatheronline.net/images/wsymbols01_png_64/wsymbol_0004_black_low_cloud.png,Overcast,0,50,19,1012,69,22,71,9,48,20,68,6,10,20,68,0,90,0,51,59,0,0,0,0,0
5/20/2019,1300,21,70,6,9,345,NNW,116,http://cdn.worldweatheronline.net/images/wsymbols01_png_64/wsymbol_0002_sunny_intervals.png,Partly cloudy,0,45,19,1012,60,24,75,9,48,21,70,6,10,21,70,0,94,0,34,81,0,0,0,0,0
5/20/2019,1400,22,71,6,10,350,N,176,http://cdn.worldweatheronline.net/images/wsymbols01_png_64/wsymbol_0009_light_rain_showers.png,Patchy rain possible,0.1,45,18,1012,66,24,75,9,48,22,71,7,11,22,71,20,63,0,50,54,0,0,0,0,0
5/20/2019,1500,22,71,6,10,354,N,116,http://cdn.worldweatheronline.net/images/wsymbols01_png_64/wsymbol_0002_sunny_intervals.png,Partly cloudy,0.1,45,17,1012,73,24,76,9,49,22,71,8,12,22,71,41,31,0,65,27,0,0,0,0,0
5/20/2019,1600,22,71,7,11,358,N,176,http://cdn.worldweatheronline.net/images/wsymbols01_png_64/wsymbol_0009_light_rain_showers.png,Patchy rain possible,0.2,46,16,1012,79,24,76,10,49,22,71,8,13,22,71,61,0,0,81,0,0,0,0,0,0
5/20/2019,1700,21,70,7,12,243,WSW,116,http://cdn.worldweatheronline.net/images/wsymbols01_png_64/wsymbol_0002_sunny_intervals.png,Partly cloudy,0.1,50,16,1012,63,23,73,10,50,21,70,9,14,21,70,41,28,0,65,28,0,0,0,0,0
5/20/2019,1800,20,69,8,13,127,SE,176,http://cdn.worldweatheronline.net/images/wsymbols01_png_64/wsymbol_0009_light_rain_showers.png,Patchy rain possible,0.1,55,16,1012,46,21,70,11,51,20,69,9,15,20,69,20,56,0,48,56,0,0,0,0,0
5/20/2019,1900,20,67,9,14,12,NNE,116,http://cdn.worldweatheronline.net/images/wsymbols01_png_64/wsymbol_0002_sunny_intervals.png,Partly cloudy,0,59,16,1012,30,20,67,11,52,20,67,10,16,20,67,0,84,0,32,84,0,0,0,0,0
5/20/2019,2000,19,65,8,13,17,NNE,116,http://cdn.worldweatheronline.net/images/wsymbols01_png_64/wsymbol_0002_sunny_intervals.png,Partly cloudy,0,63,16,1013,26,19,65,11,52,19,65,10,16,19,65,0,83,0,33,84,0,0,0,0,0
5/20/2019,2100,17,63,8,13,22,NNE,116,http://cdn.worldweatheronline.net/images/wsymbols01_png_64/wsymbol_0002_sunny_intervals.png,Partly cloudy,0,66,16,1013,22,17,63,11,52,17,63,10,17,17,63,0,81,0,33,83,0,0,0,0,0
5/20/2019,2200,16,62,7,12,26,NNE,116,http://cdn.worldweatheronline.net/images/wsymbols01_png_64/wsymbol_0004_black_low_cloud.png,Partly cloudy,0,70,17,1014,18,16,62,11,52,16,62,10,17,16,62,0,80,0,34,83,0,0,0,0,0
5/20/2019,2300,16,60,7,11,25,NNE,116,http://cdn.worldweatheronline.net/images/wsymbols01_png_64/wsymbol_0004_black_low_cloud.png,Partly cloudy,0,71,17,1014,18,16,60,11,51,16,60,9,15,16,60,0,80,0,36,79,0,0,0,0,0
5/21/2019,0,15,59,6,10,24,NNE,116,http://cdn.worldweatheronline.net/images/wsymbols01_png_64/wsymbol_0004_black_low_cloud.png,Partly cloudy,0,73,17,1014,18,15,59,10,50,15,58,9,14,15,58,0,81,0,38,75,0,0,0,0,0
5/21/2019,100,14,58,6,9,23,NNE,116,http://cdn.worldweatheronline.net/images/wsymbols01_png_64/wsymbol_0004_black_low_cloud.png,Partly cloudy,0,75,17,1014,18,14,58,10,50,14,57,8,13,14,57,0,81,0,40,71,0,0,0,0,0
5/21/2019,200,14,56,6,9,21,NNE,116,http://cdn.worldweatheronline.net/images/wsymbols01_png_64/wsymbol_0004_black_low_cloud.png,Partly cloudy,0,76,18,1014,17,14,56,9,49,13,56,8,12,13,56,0,82,0,38,76,0,0,0,0,0
5/21/2019,300,13,56,6,9,20,NNE,116,http://cdn.worldweatheronline.net/images/wsymbols01_png_64/wsymbol_0004_black_low_cloud.png,Partly cloudy,0,77,19,1014,16,13,56,9,48,12,54,7,12,12,54,0,83,0,37,81,0,0,0,0,0
5/21/2019,400,13,55,5,9,19,NNE,116,http://cdn.worldweatheronline.net/images/wsymbols01_png_64/wsymbol_0004_black_low_cloud.png,Partly cloudy,0,77,20,1014,15,13,55,9,48,12,53,7,11,12,53,0,84,0,35,86,0,0,0,0,0
5/21/2019,500,13,55,5,8,18,NNE,116,http://cdn.worldweatheronline.net/images/wsymbols01_png_64/wsymbol_0004_black_low_cloud.png,Partly cloudy,0,76,20,1014,14,13,55,9,47,12,54,6,10,12,54,0,84,0,36,86,0,0,0,0,0
5/21/2019,600,13,55,5,8,16,NNE,116,http://cdn.worldweatheronline.net/images/wsymbols01_png_64/wsymbol_0004_black_low_cloud.png,Partly cloudy,0,75,20,1014,13,13,55,8,47,12,54,6,10,12,54,0,83,0,38,86,0,0,0,0,0
5/21/2019,700,13,55,5,8,15,NNE,116,http://cdn.worldweatheronline.net/images/wsymbols01_png_64/wsymbol_0002_sunny_intervals.png,Partly cloudy,0,74,20,1015,12,13,55,8,47,12,54,6,9,12,54,0,83,0,39,86,0,0,0,0,0
5/21/2019,800,14,58,5,9,18,NNE,116,http://cdn.worldweatheronline.net/images/wsymbols01_png_64/wsymbol_0002_sunny_intervals.png,Partly cloudy,0,67,20,1015,12,14,58,8,47,14,57,6,10,14,57,0,85,0,37,85,0,0,0,0,0
5/21/2019,900,16,60,6,10,22,NNE,116,http://cdn.worldweatheronline.net/images/wsymbols01_png_64/wsymbol_0002_sunny_intervals.png,Partly cloudy,0,61,20,1015,12,16,60,8,47,16,60,7,11,16,60,0,86,0,34,84,0,0,0,0,0
5/21/2019,1000,17,63,6,10,25,NNE,116,http://cdn.worldweatheronline.net/images/wsymbols01_png_64/wsymbol_0002_sunny_intervals.png,Partly cloudy,0,54,19,1015,12,17,63,8,46,17,63,7,12,17,63,0,88,0,32,83,0,0,0,0,0
5/21/2019,1100,19,65,7,11,25,NNE,116,http://cdn.worldweatheronline.net/images/wsymbols01_png_64/wsymbol_0002_sunny_intervals.png,Partly cloudy,0,51,18,1015,12,19,65,8,46,19,65,8,13,19,65,0,89,0,37,80,0,0,0,0,0
5/21/2019,1200,20,67,7,12,26,NNE,116,http://cdn.worldweatheronline.net/images/wsymbols01_png_64/wsymbol_0002_sunny_intervals.png,Partly cloudy,0,47,17,1015,12,20,67,8,46,20,67,8,13,20,67,0,89,0,43,77,0,0,0,0,0
5/21/2019,1300,21,70,7,12,27,NNE,116,http://cdn.worldweatheronline.net/images/wsymbols01_png_64/wsymbol_0002_sunny_intervals.png,Partly cloudy,0,43,16,1015,12,21,70,8,46,21,70,9,14,21,70,0,90,0,48,74,0,0,0,0,0
5/21/2019,1400,21,70,7,12,30,NNE,116,http://cdn.worldweatheronline.net/images/wsymbols01_png_64/wsymbol_0002_sunny_intervals.png,Partly cloudy,0,44,15,1014,22,22,72,8,47,21,70,9,14,21,70,0,89,0,47,73,0,0,0,0,0
5/21/2019,1500,21,70,7,12,34,NE,116,http://cdn.worldweatheronline.net/images/wsymbols01_png_64/wsymbol_0002_sunny_intervals.png,Partly cloudy,0,45,14,1014,32,23,74,9,48,21,70,9,14,21,70,0,88,0,46,73,0,0,0,0,0
5/21/2019,1600,21,70,7,12,38,NE,116,http://cdn.worldweatheronline.net/images/wsymbols01_png_64/wsymbol_0002_sunny_intervals.png,Partly cloudy,0,46,14,1014,41,24,76,9,49,21,70,9,14,21,70,0,87,0,45,72,0,0,0,0,0
5/21/2019,1700,21,69,7,12,37,NE,116,http://cdn.worldweatheronline.net/images/wsymbols01_png_64/wsymbol_0002_sunny_intervals.png,Partly cloudy,0,49,14,1014,43,23,73,10,49,21,69,8,13,21,69,0,85,0,41,75,0,0,0,0,0
5/21/2019,1800,20,69,7,11,36,NE,116,http://cdn.worldweatheronline.net/images/wsymbols01_png_64/wsymbol_0002_sunny_intervals.png,Partly cloudy,0,52,14,1014,44,21,70,10,50,20,69,8,13,20,69,0,83,0,38,77,0,0,0,0,0
5/21/2019,1900,20,68,7,11,34,NE,116,http://cdn.worldweatheronline.net/images/wsymbols01_png_64/wsymbol_0002_sunny_intervals.png,Partly cloudy,0,54,14,1014,46,20,68,10,51,20,68,8,13,20,68,0,81,0,34,80,0,0,0,0,0
5/21/2019,2000,19,66,7,11,33,NNE,116,http://cdn.worldweatheronline.net/images/wsymbols01_png_64/wsymbol_0002_sunny_intervals.png,Partly cloudy,0,59,14,1014,40,19,66,10,51,19,66,8,13,19,66,0,84,0,39,77,0,0,0,0,0
5/21/2019,2100,18,64,6,10,32,NNE,116,http://cdn.worldweatheronline.net/images/wsymbols01_png_64/wsymbol_0002_sunny_intervals.png,Partly cloudy,0,63,13,1014,33,18,64,11,51,18,64,9,14,18,64,0,86,0,43,75,0,0,0,0,0
5/21/2019,2200,17,62,6,10,31,NNE,116,http://cdn.worldweatheronline.net/images/wsymbols01_png_64/wsymbol_0004_black_low_cloud.png,Partly cloudy,0,67,13,1015,27,17,62,11,51,17,62,9,14,17,62,0,89,0,48,72,0,0,0,0,0
5/21/2019,2300,16,60,6,10,33,NNE,116,http://cdn.worldweatheronline.net/images/wsymbols01_png_64/wsymbol_0004_black_low_cloud.png,Partly cloudy,0,69,13,1015,25,16,60,10,50,16,60,9,14,16,60,0,87,0,47,75,0,0,0,0,0
5/22/2019,0,15,59,6,10,34,NNE,116,http://cdn.worldweatheronline.net/images/wsymbols01_png_64/wsymbol_0004_black_low_cloud.png,Partly cloudy,0,71,13,1015,24,15,59,10,50,15,58,8,13,15,58,0,86,0,47,79,0,0,0,0,0
5/22/2019,100,14,58,6,9,35,NE,116,http://cdn.worldweatheronline.net/images/wsymbols01_png_64/wsymbol_0004_black_low_cloud.png,Partly cloudy,0,73,14,1015,23,14,58,10,49,14,57,8,13,14,57,0,84,0,46,82,0,0,0,0,0
5/22/2019,200,14,57,5,9,34,NNE,116,http://cdn.worldweatheronline.net/images/wsymbols01_png_64/wsymbol_0004_black_low_cloud.png,Partly cloudy,0,75,16,1015,23,14,57,9,49,13,56,7,12,13,56,0,85,0,46,84,0,0,0,0,0
5/22/2019,300,13,56,5,8,33,NNE,116,http://cdn.worldweatheronline.net/images/wsymbols01_png_64/wsymbol_0004_black_low_cloud.png,Partly cloudy,0,78,18,1014,23,13,56,9,49,13,55,6,10,13,55,0,87,0,46,87,0,0,0,0,0
5/22/2019,400,13,55,4,7,32,NNE,116,http://cdn.worldweatheronline.net/images/wsymbols01_png_64/wsymbol_0004_black_low_cloud.png,Partly cloudy,0,80,20,1014,23,13,55,9,49,12,54,6,9,12,54,0,88,0,46,89,0,0,0,0,0
5/22/2019,500,13,55,4,7,36,NE,116,http://cdn.worldweatheronline.net/images/wsymbols01_png_64/wsymbol_0004_black_low_cloud.png,Partly cloudy,0,78,20,1015,23,13,55,9,49,13,55,5,9,13,55,0,87,0,42,85,0,0,0,0,0
5/22/2019,600,13,56,4,6,40,NE,116,http://cdn.worldweatheronline.net/images/wsymbols01_png_64/wsymbol_0004_black_low_cloud.png,Partly cloudy,0,77,20,1015,22,13,56,9,49,13,55,5,8,13,55,0,85,0,37,82,0,0,0,0,0
5/22/2019,700,13,56,4,6,43,NE,116,http://cdn.worldweatheronline.net/images/wsymbols01_png_64/wsymbol_0002_sunny_intervals.png,Partly cloudy,0,76,20,1015,22,13,56,9,49,13,56,5,8,13,56,0,84,0,33,78,0,0,0,0,0
5/22/2019,800,15,59,4,6,42,NE,116,http://cdn.worldweatheronline.net/images/wsymbols01_png_64/wsymbol_0002_sunny_intervals.png,Partly cloudy,0,68,20,1015,21,15,59,9,48,15,59,5,8,15,59,0,84,0,33,78,0,0,0,0,0
5/22/2019,900,17,62,4,6,41,NE,116,http://cdn.worldweatheronline.net/images/wsymbols01_png_64/wsymbol_0002_sunny_intervals.png,Partly cloudy,0,60,20,1015,20,17,62,9,47,17,62,5,8,17,62,0,85,0,34,77,0,0,0,0,0
5/22/2019,1000,18,65,4,6,40,NE,116,http://cdn.worldweatheronline.net/images/wsymbols01_png_64/wsymbol_0002_sunny_intervals.png,Partly cloudy,0,52,20,1015,19,18,65,8,47,18,65,5,8,18,65,0,85,0,34,77,0,0,0,0,0
5/22/2019,1100,20,67,4,6,38,NE,116,http://cdn.worldweatheronline.net/images/wsymbols01_png_64/wsymbol_0002_sunny_intervals.png,Partly cloudy,0,48,19,1015,26,20,68,8,47,20,67,4,7,20,67,0,84,0,39,79,0,0,0,0,0
5/22/2019,1200,21,70,4,6,36,NE,116,http://cdn.worldweatheronline.net/images/wsymbols01_png_64/wsymbol_0002_sunny_intervals.png,Partly cloudy,0,44,19,1015,33,22,72,8,46,21,70,4,6,21,70,0,83,0,44,80,0,0,0,0,0
5/22/2019,1300,22,72,3,5,34,NNE,116,http://cdn.worldweatheronline.net/images/wsymbols01_png_64/wsymbol_0002_sunny_intervals.png,Partly cloudy,0,39,19,1015,41,24,75,8,46,22,72,4,6,24,75,0,82,0,49,82,0,0,0,0,0
5/22/2019,1400,22,72,4,6,39,NE,119,http://cdn.worldweatheronline.net/images/wsymbols01_png_64/wsymbol_0003_white_cloud.png,Cloudy,0,41,19,1015,50,24,75,8,47,22,72,4,7,24,75,0,84,0,64,61,0,0,0,0,0
5/22/2019,1500,22,72,4,7,44,NE,116,http://cdn.worldweatheronline.net/images/wsymbols01_png_64/wsymbol_0002_sunny_intervals.png,Partly cloudy,0,43,19,1015,60,24,76,9,48,22,72,5,8,24,76,0,86,0,78,40,0,0,0,0,0
5/22/2019,1600,22,71,5,8,49,NE,119,http://cdn.worldweatheronline.net/images/wsymbols01_png_64/wsymbol_0003_white_cloud.png,Cloudy,0,44,19,1014,69,24,76,9,48,22,71,5,9,22,71,0,88,0,93,19,0,0,0,0,0
5/22/2019,1700,21,70,5,9,58,ENE,119,http://cdn.worldweatheronline.net/images/wsymbols01_png_64/wsymbol_0003_white_cloud.png,Cloudy,0,49,19,1014,68,23,73,10,50,21,70,6,10,21,70,0,90,0,91,15,0,0,0,0,0
5/22/2019,1800,21,69,6,10,67,ENE,119,http://cdn.worldweatheronline.net/images/wsymbols01_png_64/wsymbol_0003_white_cloud.png,Cloudy,0,53,20,1014,68,21,70,11,51,21,69,7,12,21,69,0,91,0,88,10,0,0,0,0,0
5/22/2019,1900,20,68,7,11,76,ENE,119,http://cdn.worldweatheronline.net/images/wsymbols01_png_64/wsymbol_0003_white_cloud.png,Cloudy,0,57,20,1014,68,20,68,11,52,20,68,8,13,20,68,0,93,0,86,6,0,0,0,0,0
5/22/2019,2000,19,66,7,11,82,E,116,http://cdn.worldweatheronline.net/images/wsymbols01_png_64/wsymbol_0002_sunny_intervals.png,Partly cloudy,0,62,20,1015,65,19,66,11,53,19,66,9,14,19,66,0,93,0,70,28,0,0,0,0,0
5/22/2019,2100,18,64,7,11,89,E,119,http://cdn.worldweatheronline.net/images/wsymbols01_png_64/wsymbol_0003_white_cloud.png,Cloudy,0,67,20,1015,63,18,64,12,53,18,64,9,15,18,64,0,93,0,54,50,0,0,0,0,0
5/22/2019,2200,17,62,6,10,95,E,116,http://cdn.worldweatheronline.net/images/wsymbols01_png_64/wsymbol_0004_black_low_cloud.png,Partly cloudy,0,72,20,1015,60,17,62,12,53,17,62,10,15,17,62,0,93,0,38,72,0,0,0,0,0
5/22/2019,2300,16,61,6,10,100,E,116,http://cdn.worldweatheronline.net/images/wsymbols01_png_64/wsymbol_0004_black_low_cloud.png,Partly cloudy,0,74,20,1015,54,16,61,12,53,16,61,9,15,16,61,0,90,0,41,73,0,0,0,0,0
5/23/2019,0,16,60,6,10,104,ESE,116,http://cdn.worldweatheronline.net/images/wsymbols01_png_64/wsymbol_0004_black_low_cloud.png,Partly cloudy,0,76,20,1015,48,16,60,11,53,16,60,9,14,16,60,0,86,0,43,75,0,0,0,0,0
5/23/2019,100,15,59,6,10,109,ESE,116,http://cdn.worldweatheronline.net/images/wsymbols01_png_64/wsymbol_0004_black_low_cloud.png,Partly cloudy,0,77,20,1015,43,15,59,11,52,15,59,9,14,15,59,0,83,0,46,76,0,0,0,0,0
5/23/2019,200,15,58,6,10,108,ESE,116,http://cdn.worldweatheronline.net/images/wsymbols01_png_64/wsymbol_0004_black_low_cloud.png,Partly cloudy,0,78,20,1015,43,15,58,11,52,14,58,9,14,14,58,0,85,0,47,80,0,0,0,0,0
5/23/2019,300,14,57,6,10,107,ESE,116,http://cdn.worldweatheronline.net/images/wsymbols01_png_64/wsymbol_0004_black_low_cloud.png,Partly cloudy,0,79,20,1015,43,14,57,11,51,14,57,9,14,14,57,0,87,0,48,85,0,0,0,0,0
5/23/2019,400,14,56,6,10,107,ESE,116,http://cdn.worldweatheronline.net/images/wsymbols01_png_64/wsymbol_0004_black_low_cloud.png,Partly cloudy,0,80,20,1015,42,14,56,10,50,13,55,9,14,13,55,0,89,0,49,89,0,0,0,0,0
5/23/2019,500,14,57,6,10,109,ESE,116,http://cdn.worldweatheronline.net/images/wsymbols01_png_64/wsymbol_0004_black_low_cloud.png,Partly cloudy,0,78,20,1015,45,14,57,10,50,13,56,9,14,13,56,0,87,0,46,86,0,0,0,0,0
5/23/2019,600,14,57,6,10,112,ESE,116,http://cdn.worldweatheronline.net/images/wsymbols01_png_64/wsymbol_0004_black_low_cloud.png,Partly cloudy,0,76,20,1015,47,14,57,10,49,13,56,8,13,13,56,0,84,0,42,84,0,0,0,0,0
5/23/2019,700,14,57,7,11,114,ESE,116,http://cdn.worldweatheronline.net/images/wsymbols01_png_64/wsymbol_0002_sunny_intervals.png,Partly cloudy,0,74,20,1015,50,14,57,10,49,13,56,8,13,13,56,0,82,0,39,81,0,0,0,0,0
5/23/2019,800,15,60,7,11,116,ESE,116,http://cdn.worldweatheronline.net/images/wsymbols01_png_64/wsymbol_0002_sunny_intervals.png,Partly cloudy,0,69,20,1015,47,15,60,10,49,15,59,8,13,15,59,0,86,0,36,80,0,0,0,0,0
5/23/2019,900,17,62,7,12,117,ESE,116,http://cdn.worldweatheronline.net/images/wsymbols01_png_64/wsymbol_0002_sunny_intervals.png,Partly cloudy,0,64,20,1014,45,17,62,10,50,17,62,8,13,17,62,0,90,0,33,80,0,0,0,0,0
5/23/2019,1000,18,65,7,12,118,ESE,116,http://cdn.worldweatheronline.net/images/wsymbols01_png_64/wsymbol_0002_sunny_intervals.png,Partly cloudy,0,59,20,1014,42,18,65,10,50,18,65,9,14,18,65,0,94,0,30,79,0,0,0,0,0
5/23/2019,1100,19,67,8,12,119,ESE,176,http://cdn.worldweatheronline.net/images/wsymbols01_png_64/wsymbol_0009_light_rain_showers.png,Patchy rain possible,0,57,19,1014,56,20,69,11,51,19,67,9,14,19,67,27,63,0,47,53,0,0,0,0,0
5/23/2019,1200,21,69,8,13,119,ESE,116,http://cdn.worldweatheronline.net/images/wsymbols01_png_64/wsymbol_0002_sunny_intervals.png,Partly cloudy,0.1,54,19,1014,69,22,72,11,52,21,69,9,14,21,69,53,31,0,65,26,0,0,0,0,0
5/23/2019,1300,22,71,8,13,119,ESE,176,http://cdn.worldweatheronline.net/images/wsymbols01_png_64/wsymbol_0009_light_rain_showers.png,Patchy rain possible,0.1,52,19,1013,82,24,76,11,52,22,71,9,15,22,71,80,0,0,82,0,0,0,0,0,0
5/23/2019,1400,22,71,8,13,122,ESE,353,http://cdn.worldweatheronline.net/images/wsymbols01_png_64/wsymbol_0009_light_rain_showers.png,Light rain shower,0.2,52,17,1013,80,24,76,12,53,22,71,9,15,22,71,76,0,0,85,0,0,0,0,0,0
5/23/2019,1500,22,71,8,13,125,SE,176,http://cdn.worldweatheronline.net/images/wsymbols01_png_64/wsymbol_0009_light_rain_showers.png,Patchy rain possible,0.3,53,16,1012,79,25,76,12,54,22,71,10,16,22,71,72,0,0,89,0,0,0,0,0,0
5/23/2019,1600,22,71,8,13,128,SE,353,http://cdn.worldweatheronline.net/images/wsymbols01_png_64/wsymbol_0009_light_rain_showers.png,Light rain shower,0.4,54,15,1011,77,25,76,12,54,22,71,10,16,22,71,68,0,0,92,0,0,0,0,0,0
5/23/2019,1700,22,71,8,13,130,SE,116,http://cdn.worldweatheronline.net/images/wsymbols01_png_64/wsymbol_0002_sunny_intervals.png,Partly cloudy,0.3,57,14,1011,56,25,76,13,55,22,71,9,15,22,71,45,31,0,73,25,0,0,0,0,0
5/23/2019,1800,22,71,8,12,132,SE,353,http://cdn.worldweatheronline.net/images/wsymbols01_png_64/wsymbol_0009_light_rain_showers.png,Light rain shower,0.1,59,14,1011,35,25,76,13,56,22,71,9,14,22,71,23,63,0,54,51,0,0,0,0,0
5/23/2019,1900,22,71,7,12,134,SE,116,http://cdn.worldweatheronline.net/images/wsymbols01_png_64/wsymbol_0002_sunny_intervals.png,Partly cloudy,0,61,14,1010,13,25,76,14,56,22,71,8,13,22,71,0,94,0,35,76,0,0,0,0,0
5/23/2019,2000,20,69,6,10,129,SE,116,http://cdn.worldweatheronline.net/images/wsymbols01_png_64/wsymbol_0002_sunny_intervals.png,Partly cloudy,0,66,15,1011,23,22,72,14,57,20,69,8,13,20,69,0,93,0,39,76,0,0,0,0,0
5/23/2019,2100,19,67,5,9,124,ESE,116,http://cdn.worldweatheronline.net/images/wsymbols01_png_64/wsymbol_0002_sunny_intervals.png,Partly cloudy,0,72,16,1011,33,20,68,14,57,19,67,7,12,19,67,0,91,0,42,76,0,0,0,0,0
5/23/2019,2200,18,65,4,7,119,ESE,116,http://cdn.worldweatheronline.net/images/wsymbols01_png_64/wsymbol_0004_black_low_cloud.png,Partly cloudy,0,77,17,1011,43,18,65,14,57,18,65,7,11,18,65,0,90,0,46,76,0,0,0,0,0
5/23/2019,2300,18,64,5,8,112,ESE,116,http://cdn.worldweatheronline.net/images/wsymbols01_png_64/wsymbol_0004_black_low_cloud.png,Partly cloudy,0,80,16,1010,31,18,64,14,57,18,64,7,11,18,64,0,91,0,44,77,0,0,0,0,0
5/24/2019,0,17,63,5,8,106,ESE,116,http://cdn.worldweatheronline.net/images/wsymbols01_png_64/wsymbol_0004_black_low_cloud.png,Partly cloudy,0,82,15,1010,19,17,63,14,58,17,63,7,11,17,63,0,91,0,41,78,0,0,0,0,0
5/24/2019,100,17,63,5,9,100,E,116,http://cdn.worldweatheronline.net/images/wsymbols01_png_64/wsymbol_0004_black_low_cloud.png,Partly cloudy,0,84,14,1009,7,17,63,14,58,17,63,7,11,17,63,0,92,0,39,79,0,0,0,0,0
5/24/2019,200,16,62,5,9,99,E,116,http://cdn.worldweatheronline.net/images/wsymbols01_png_64/wsymbol_0004_black_low_cloud.png,Partly cloudy,0,85,14,1009,16,16,62,14,57,16,61,7,12,16,61,0,89,0,39,81,0,0,0,0,0
5/24/2019,300,16,60,5,8,97,E,116,http://cdn.worldweatheronline.net/images/wsymbols01_png_64/wsymbol_0004_black_low_cloud.png,Partly cloudy,0,85,13,1008,26,16,60,13,56,16,60,8,13,16,60,0,87,0,40,82,0,0,0,0,0
5/24/2019,400,15,59,5,8,96,E,116,http://cdn.worldweatheronline.net/images/wsymbols01_png_64/wsymbol_0004_black_low_cloud.png,Partly cloudy,0,86,12,1007,35,15,59,13,55,15,58,8,13,15,58,0,84,0,40,84,0,0,0,0,0
5/24/2019,500,15,59,5,9,97,E,116,http://cdn.worldweatheronline.net/images/wsymbols01_png_64/wsymbol_0004_black_low_cloud.png,Partly cloudy,0,84,12,1007,40,15,59,12,54,15,59,8,13,15,59,0,85,0,37,82,0,0,0,0,0
5/24/2019,600,15,60,5,9,98,E,116,http://cdn.worldweatheronline.net/images/wsymbols01_png_64/wsymbol_0004_black_low_cloud.png,Partly cloudy,0,81,13,1007,45,15,60,12,54,15,59,7,12,15,59,0,86,0,33,80,0,0,0,0,0
5/24/2019,700,16,60,6,9,99,E,116,http://cdn.worldweatheronline.net/images/wsymbols01_png_64/wsymbol_0002_sunny_intervals.png,Partly cloudy,0,79,13,1006,49,16,60,12,53,16,60,7,11,16,60,0,87,0,30,78,0,0,0,0,0
5/24/2019,800,17,62,6,10,110,ESE,116,http://cdn.worldweatheronline.net/images/wsymbols01_png_64/wsymbol_0002_sunny_intervals.png,Partly cloudy,0,75,13,1006,47,17,62,12,54,17,62,7,12,17,62,0,87,0,33,77,0,0,0,0,0
5/24/2019,900,18,65,6,10,121,ESE,116,http://cdn.worldweatheronline.net/images/wsymbols01_png_64/wsymbol_0002_sunny_intervals.png,Partly cloudy,0,71,14,1005,45,18,65,13,55,18,65,8,12,18,65,0,86,0,36,76,0,0,0,0,0
5/24/2019,1000,20,67,7,11,132,SE,116,http://cdn.worldweatheronline.net/images/wsymbols01_png_64/wsymbol_0002_sunny_intervals.png,Partly cloudy,0,67,14,1005,43,20,67,13,56,20,67,8,13,20,67,0,86,0,39,75,0,0,0,0,0
5/24/2019,1100,20,67,7,11,141,SE,266,http://cdn.worldweatheronline.net/images/wsymbols01_png_64/wsymbol_0017_cloudy_with_light_rain.png,Light drizzle,0.1,69,14,1004,57,20,67,14,57,20,67,8,13,20,67,26,57,0,53,50,0,0,0,0,0
5/24/2019,1200,20,67,7,11,150,SSE,116,http://cdn.worldweatheronline.net/images/wsymbols01_png_64/wsymbol_0002_sunny_intervals.png,Partly cloudy,0.2,70,14,1004,72,20,67,14,57,20,67,8,13,20,67,53,29,0,66,25,0,0,0,0,0
5/24/2019,1300,20,67,7,11,159,SSE,266,http://cdn.worldweatheronline.net/images/wsymbols01_png_64/wsymbol_0017_cloudy_with_light_rain.png,Light drizzle,0.3,72,14,1004,86,20,67,15,58,20,67,8,13,20,67,79,0,0,80,0,0,0,0,0,0
5/24/2019,1400,19,67,8,13,166,SSE,296,http://cdn.worldweatheronline.net/images/wsymbols01_png_64/wsymbol_0017_cloudy_with_light_rain.png,Light rain,0.6,74,14,1003,91,19,67,14,58,19,67,10,15,19,67,74,0,0,83,0,0,0,0,0,0
5/24/2019,1500,19,66,9,15,173,S,266,http://cdn.worldweatheronline.net/images/wsymbols01_png_64/wsymbol_0017_cloudy_with_light_rain.png,Light drizzle,1,75,14,1003,95,19,66,14,57,19,66,11,18,19,66,70,0,0,86,0,0,0,0,0,0
5/24/2019,1600,18,65,10,17,180,S,296,http://cdn.worldweatheronline.net/images/wsymbols01_png_64/wsymbol_0017_cloudy_with_light_rain.png,Light rain,1.3,76,14,1003,100,18,65,14,57,18,65,12,20,18,65,65,0,0,89,0,0,0,0,0,0
5/24/2019,1700,18,64,9,15,185,S,302,http://cdn.worldweatheronline.net/images/wsymbols01_png_64/wsymbol_0018_cloudy_with_heavy_rain.png,Moderate rain,2.3,78,14,1003,96,18,64,14,57,18,64,11,18,18,64,65,0,0,88,0,0,0,0,0,0
5/24/2019,1800,17,63,9,14,189,S,296,http://cdn.worldweatheronline.net/images/wsymbols01_png_64/wsymbol_0017_cloudy_with_light_rain.png,Light rain,3.4,80,14,1003,92,17,63,14,57,17,63,11,17,17,63,65,0,0,87,0,0,0,0,0,0
5/24/2019,1900,17,62,8,12,194,SSW,302,http://cdn.worldweatheronline.net/images/wsymbols01_png_64/wsymbol_0018_cloudy_with_heavy_rain.png,Moderate rain,4.4,83,14,1003,89,17,62,14,57,17,62,10,15,17,62,65,0,0,86,0,0,0,0,0,0
5/24/2019,2000,17,62,8,13,193,SSW,353,http://cdn.worldweatheronline.net/images/wsymbols01_png_64/wsymbol_0009_light_rain_showers.png,Light rain shower,3.1,83,14,1004,79,17,62,14,57,17,62,11,17,17,62,71,0,0,88,0,0,0,0,0,0
5/24/2019,2100,16,61,8,13,192,SSW,302,http://cdn.worldweatheronline.net/images/wsymbols01_png_64/wsymbol_0018_cloudy_with_heavy_rain.png,Moderate rain,1.7,84,14,1004,70,16,61,13,56,16,61,11,18,16,61,77,0,0,89,0,0,0,0,0,0
5/24/2019,2200,16,60,8,13,192,SSW,353,http://cdn.worldweatheronline.net/images/wsymbols01_png_64/wsymbol_0025_light_rain_showers_night.png,Light rain shower,0.4,85,14,1004,60,16,60,13,56,16,60,12,20,16,60,83,0,0,91,0,0,0,0,0,0
5/24/2019,2300,15,60,8,13,191,SSW,116,http://cdn.worldweatheronline.net/images/wsymbols01_png_64/wsymbol_0004_black_low_cloud.png,Partly cloudy,0.3,86,15,1004,60,15,60,13,55,15,59,12,19,15,59,55,28,0,77,24,0,0,0,0,0
5/25/2019,0,15,59,8,12,191,S,353,http://cdn.worldweatheronline.net/images/wsymbols01_png_64/wsymbol_0025_light_rain_showers_night.png,Light rain shower,0.1,86,15,1004,60,15,59,13,55,14,58,11,17,14,58,28,55,0,63,49,0,0,0,0,0
5/25/2019,100,14,58,7,12,190,S,116,http://cdn.worldweatheronline.net/images/wsymbols01_png_64/wsymbol_0004_black_low_cloud.png,Partly cloudy,0,86,15,1004,60,14,58,12,54,14,57,10,16,14,57,0,83,0,49,73,0,0,0,0,0
5/25/2019,200,14,57,8,12,194,SSW,353,http://cdn.worldweatheronline.net/images/wsymbols01_png_64/wsymbol_0025_light_rain_showers_night.png,Light rain shower,0.1,86,17,1004,57,14,57,12,53,13,56,11,17,13,56,22,55,0,61,49,0,0,0,0,0
5/25/2019,300,14,57,8,13,198,SSW,116,http://cdn.worldweatheronline.net/images/wsymbols01_png_64/wsymbol_0004_black_low_cloud.png,Partly cloudy,0.1,85,18,1004,55,14,57,11,52,13,55,11,18,13,55,44,28,0,74,24,0,0,0,0,0
5/25/2019,400,13,56,9,14,202,SSW,353,http://cdn.worldweatheronline.net/images/wsymbols01_png_64/wsymbol_0025_light_rain_showers_night.png,Light rain shower,0.2,85,20,1004,53,13,56,11,52,12,54,12,19,12,54,66,0,0,86,0,0,0,0,0,0
5/25/2019,500,13,56,8,13,200,SSW,122,http://cdn.worldweatheronline.net/images/wsymbols01_png_64/wsymbol_0004_black_low_cloud.png,Overcast,0.1,83,19,1005,68,13,56,11,51,12,54,11,18,12,54,44,28,0,84,2,0,0,0,0,0
5/25/2019,600,13,56,8,13,198,SSW,353,http://cdn.worldweatheronline.net/images/wsymbols01_png_64/wsymbol_0025_light_rain_showers_night.png,Light rain shower,0.1,82,18,1005,84,13,56,10,50,12,53,11,17,12,53,22,57,0,82,5,0,0,0,0,0
5/25/2019,700,13,55,8,13,195,SSW,122,http://cdn.worldweatheronline.net/images/wsymbols01_png_64/wsymbol_0004_black_low_cloud.png,Overcast,0,81,17,1005,100,13,55,10,50,12,53,10,17,12,53,0,85,0,80,7,0,0,0,0,0
5/25/2019,800,14,56,7,12,193,SSW,122,http://cdn.worldweatheronline.net/images/wsymbols01_png_64/wsymbol_0004_black_low_cloud.png,Overcast,0,78,18,1005,100,14,56,10,49,13,55,9,14,13,55,0,84,0,83,6,0,0,0,0,0
5/25/2019,900,14,57,6,10,191,S,122,http://cdn.worldweatheronline.net/images/wsymbols01_png_64/wsymbol_0004_black_low_cloud.png,Overcast,0,75,18,1006,100,14,57,10,49,13,56,8,12,13,56,0,82,0,86,6,0,0,0,0,0
5/25/2019,1000,14,58,5,9,189,S,122,http://cdn.worldweatheronline.net/images/wsymbols01_png_64/wsymbol_0004_black_low_cloud.png,Overcast,0,73,18,1006,100,14,58,10,49,14,57,6,10,14,57,0,81,0,89,5,0,0,0,0,0
5/25/2019,1100,16,61,5,8,184,S,116,http://cdn.worldweatheronline.net/images/wsymbols01_png_64/wsymbol_0002_sunny_intervals.png,Partly cloudy,0,65,18,1006,75,16,61,9,49,16,61,6,10,16,61,0,83,0,72,30,0,0,0,0,0
5/25/2019,1200,18,65,5,8,180,S,122,http://cdn.worldweatheronline.net/images/wsymbols01_png_64/wsymbol_0004_black_low_cloud.png,Overcast,0,57,17,1006,49,18,65,9,49,18,64,6,9,18,64,0,85,0,55,55,0,0,0,0,0
5/25/2019,1300,20,68,5,8,176,S,116,http://cdn.worldweatheronline.net/images/wsymbols01_png_64/wsymbol_0002_sunny_intervals.png,Partly cloudy,0,50,17,1006,24,20,68,9,48,20,68,5,9,20,68,0,87,0,38,80,0,0,0,0,0
5/25/2019,1400,21,69,4,7,171,S,116,http://cdn.worldweatheronline.net/images/wsymbols01_png_64/wsymbol_0002_sunny_intervals.png,Partly cloudy,0,48,14,1006,29,21,70,9,48,21,69,5,8,21,69,0,87,0,36,80,0,0,0,0,0
5/25/2019,1500,21,70,4,7,167,SSE,116,http://cdn.worldweatheronline.net/images/wsymbols01_png_64/wsymbol_0002_sunny_intervals.png,Partly cloudy,0,46,12,1006,34,23,73,9,48,21,70,5,8,21,70,0,87,0,34,79,0,0,0,0,0
5/25/2019,1600,22,72,4,6,163,SSE,116,http://cdn.worldweatheronline.net/images/wsymbols01_png_64/wsymbol_0002_sunny_intervals.png,Partly cloudy,0,44,10,1005,39,24,76,9,48,22,72,5,8,24,76,0,87,0,32,79,0,0,0,0,0
5/25/2019,1700,22,71,4,6,162,SSE,116,http://cdn.worldweatheronline.net/images/wsymbols01_png_64/wsymbol_0002_sunny_intervals.png,Partly cloudy,0,46,10,1006,38,23,73,10,49,22,71,4,7,22,71,0,88,0,35,81,0,0,0,0,0
5/25/2019,1800,21,70,4,6,161,SSE,116,http://cdn.worldweatheronline.net/images/wsymbols01_png_64/wsymbol_0002_sunny_intervals.png,Partly cloudy,0,49,10,1006,38,22,71,10,50,21,70,4,7,21,70,0,89,0,39,82,0,0,0,0,0
5/25/2019,1900,21,69,4,6,159,SSE,116,http://cdn.worldweatheronline.net/images/wsymbols01_png_64/wsymbol_0002_sunny_intervals.png,Partly cloudy,0,52,10,1006,37,21,69,11,51,21,69,4,6,21,69,0,90,0,42,84,0,0,0,0,0
5/25/2019,2000,20,67,3,5,194,SSW,119,http://cdn.worldweatheronline.net/images/wsymbols01_png_64/wsymbol_0003_white_cloud.png,Cloudy,0,57,10,1006,47,20,67,11,52,20,67,4,6,20,67,0,87,0,59,60,0,0,0,0,0
5/25/2019,2100,19,65,3,4,228,SW,116,http://cdn.worldweatheronline.net/images/wsymbols01_png_64/wsymbol_0002_sunny_intervals.png,Partly cloudy,0,62,10,1007,57,19,65,11,52,19,65,4,6,19,65,0,84,0,77,37,0,0,0,0,0
5/25/2019,2200,18,64,2,4,263,W,119,http://cdn.worldweatheronline.net/images/wsymbols01_png_64/wsymbol_0004_black_low_cloud.png,Cloudy,0,67,10,1008,67,18,64,12,53,18,64,3,5,18,64,0,81,0,94,13,0,0,0,0,0
5/25/2019,2300,17,63,2,4,269,W,116,http://cdn.worldweatheronline.net/images/wsymbols01_png_64/wsymbol_0004_black_low_cloud.png,Partly cloudy,0,70,10,1008,62,17,63,12,53,17,63,4,6,17,63,0,81,0,77,35,0,0,0,0,0
5/26/2019,0,17,62,2,4,275,W,119,http://cdn.worldweatheronline.net/images/wsymbols01_png_64/wsymbol_0004_black_low_cloud.png,Cloudy,0,73,10,1008,56,17,62,12,53,17,62,4,6,17,62,0,80,0,61,56,0,0,0,0,0
5/26/2019,100,16,61,3,4,281,W,116,http://cdn.worldweatheronline.net/images/wsymbols01_png_64/wsymbol_0004_black_low_cloud.png,Partly cloudy,0,76,10,1008,51,16,61,12,53,16,61,4,6,16,61,0,80,0,44,78,0,0,0,0,0
5/26/2019,200,15,60,4,6,289,WNW,116,http://cdn.worldweatheronline.net/images/wsymbols01_png_64/wsymbol_0004_black_low_cloud.png,Partly cloudy,0,78,10,1008,46,15,60,12,53,15,60,5,9,15,60,0,83,0,41,79,0,0,0,0,0
5/26/2019,300,15,59,5,8,297,WNW,116,http://cdn.worldweatheronline.net/images/wsymbols01_png_64/wsymbol_0004_black_low_cloud.png,Partly cloudy,0,80,10,1008,40,15,59,12,53,15,58,7,11,15,58,0,86,0,37,81,0,0,0,0,0
5/26/2019,400,14,58,6,9,305,NW,116,http://cdn.worldweatheronline.net/images/wsymbols01_png_64/wsymbol_0004_black_low_cloud.png,Partly cloudy,0,82,10,1008,35,14,58,11,52,14,57,8,13,14,57,0,89,0,34,82,0,0,0,0,0
5/26/2019,500,14,58,6,9,303,WNW,116,http://cdn.worldweatheronline.net/images/wsymbols01_png_64/wsymbol_0004_black_low_cloud.png,Partly cloudy,0,81,10,1009,37,14,58,11,52,14,57,8,13,14,57,0,90,0,38,79,0,0,0,0,0
5/26/2019,600,14,57,6,10,302,WNW,116,http://cdn.worldweatheronline.net/images/wsymbols01_png_64/wsymbol_0004_black_low_cloud.png,Partly cloudy,0,81,10,1009,38,14,57,11,51,14,56,8,13,14,56,0,91,0,42,76,0,0,0,0,0
5/26/2019,700,14,57,6,10,300,WNW,116,http://cdn.worldweatheronline.net/images/wsymbols01_png_64/wsymbol_0002_sunny_intervals.png,Partly cloudy,0,80,10,1009,40,14,57,11,51,13,56,8,13,13,56,0,92,0,46,73,0,0,0,0,0
5/26/2019,800,15,59,7,11,297,WNW,122,http://cdn.worldweatheronline.net/images/wsymbols01_png_64/wsymbol_0004_black_low_cloud.png,Overcast,0,76,10,1010,60,15,59,11,51,14,58,8,13,14,58,0,92,0,58,50,0,0,0,0,0
5/26/2019,900,16,60,8,12,294,WNW,116,http://cdn.worldweatheronline.net/images/wsymbols01_png_64/wsymbol_0002_sunny_intervals.png,Partly cloudy,0,72,10,1010,80,16,60,11,51,16,60,9,14,16,60,0,93,0,69,28,0,0,0,0,0
5/26/2019,1000,17,62,8,13,290,WNW,122,http://cdn.worldweatheronline.net/images/wsymbols01_png_64/wsymbol_0004_black_low_cloud.png,Overcast,0,68,10,1010,100,17,62,11,51,17,62,9,15,17,62,0,93,0,81,5,0,0,0,0,0
5/26/2019,1100,16,61,9,14,295,WNW,122,http://cdn.worldweatheronline.net/images/wsymbols01_png_64/wsymbol_0004_black_low_cloud.png,Overcast,0,71,10,1011,100,16,61,11,52,16,61,10,16,16,61,0,93,0,82,5,0,0,0,0,0
5/26/2019,1200,16,61,9,14,299,WNW,122,http://cdn.worldweatheronline.net/images/wsymbols01_png_64/wsymbol_0004_black_low_cloud.png,Overcast,0,73,10,1011,100,16,61,11,52,16,61,10,17,16,61,0,92,0,83,6,0,0,0,0,0
5/26/2019,1300,16,60,9,15,303,WNW,122,http://cdn.worldweatheronline.net/images/wsymbols01_png_64/wsymbol_0004_black_low_cloud.png,Overcast,0,76,10,1011,100,16,60,11,52,16,60,11,18,16,60,0,92,0,84,6,0,0,0,0,0
5/26/2019,1400,15,60,10,16,310,NW,266,http://cdn.worldweatheronline.net/images/wsymbols01_png_64/wsymbol_0017_cloudy_with_light_rain.png,Light drizzle,0.1,77,7,1012,100,15,60,11,52,15,59,13,20,15,59,22,61,0,83,4,0,0,0,0,0
5/26/2019,1500,15,59,11,17,318,NW,122,http://cdn.worldweatheronline.net/images/wsymbols01_png_64/wsymbol_0004_black_low_cloud.png,Overcast,0.2,78,5,1012,100,15,59,11,52,14,57,14,22,14,57,44,31,0,82,2,0,0,0,0,0
5/26/2019,1600,15,58,11,18,326,NW,266,http://cdn.worldweatheronline.net/images/wsymbols01_png_64/wsymbol_0017_cloudy_with_light_rain.png,Light drizzle,0.3,79,2,1013,100,15,58,11,52,13,56,15,25,13,56,66,0,0,81,0,0,0,0,0,0
5/26/2019,1700,14,57,11,18,331,NNW,122,http://cdn.worldweatheronline.net/images/wsymbols01_png_64/wsymbol_0004_black_low_cloud.png,Overcast,0.2,77,5,1013,100,15,59,11,51,13,56,15,24,13,56,44,30,0,82,6,0,0,0,0,0
5/26/2019,1800,13,56,11,18,336,NNW,266,http://cdn.worldweatheronline.net/images/wsymbols01_png_64/wsymbol_0017_cloudy_with_light_rain.png,Light drizzle,0.1,74,7,1014,99,15,60,10,51,13,55,15,24,13,55,22,60,0,84,12,0,0,0,0,0
5/26/2019,1900,13,55,11,18,341,NNW,122,http://cdn.worldweatheronline.net/images/wsymbols01_png_64/wsymbol_0004_black_low_cloud.png,Overcast,0,72,10,1014,99,16,60,10,50,13,55,15,24,13,55,0,90,0,85,18,0,0,0,0,0
5/26/2019,2000,11,52,10,15,342,NNW,119,http://cdn.worldweatheronline.net/images/wsymbols01_png_64/wsymbol_0003_white_cloud.png,Cloudy,0,74,10,1015,88,14,58,10,50,11,52,13,22,11,52,0,90,0,85,14,0,0,0,0,0
5/26/2019,2100,9,49,8,13,343,NNW,122,http://cdn.worldweatheronline.net/images/wsymbols01_png_64/wsymbol_0004_black_low_cloud.png,Overcast,0,76,10,1016,78,13,55,10,50,9,49,12,19,9,49,0,91,0,85,9,0,0,0,0,0
5/26/2019,2200,8,46,7,11,344,NNW,119,http://cdn.worldweatheronline.net/images/wsymbols01_png_64/wsymbol_0004_black_low_cloud.png,Cloudy,0,79,10,1017,67,12,53,10,50,8,46,10,17,8,46,0,91,0,85,5,0,0,0,0,0
5/26/2019,2300,9,49,6,10,345,NNW,116,http://cdn.worldweatheronline.net/images/wsymbols01_png_64/wsymbol_0004_black_low_cloud.png,Partly cloudy,0,80,10,1017,50,12,54,10,50,9,49,9,14,9,49,0,91,0,70,27,0,0,0,0,0
5/27/2019,0,11,52,5,9,347,NNW,119,http://cdn.worldweatheronline.net/images/wsymbols01_png_64/wsymbol_0004_black_low_cloud.png,Cloudy,0,81,10,1018,33,13,55,10,50,11,52,7,12,11,52,0,92,0,55,50,0,0,0,0,0
5/27/2019,100,13,55,5,8,348,NNW,116,http://cdn.worldweatheronline.net/images/wsymbols01_png_64/wsymbol_0004_black_low_cloud.png,Partly cloudy,0,83,10,1018,16,13,55,10,50,13,55,6,10,13,55,0,92,0,40,72,0,0,0,0,0
5/27/2019,200,13,55,5,8,294,WNW,176,http://cdn.worldweatheronline.net/images/wsymbols01_png_64/wsymbol_0025_light_rain_showers_night.png,Patchy rain possible,0,83,10,1018,28,13,55,10,50,13,55,6,10,13,55,14,77,0,48,60,0,0,0,0,0
5/27/2019,300,13,55,5,8,294,WNW,116,http://cdn.worldweatheronline.net/images/wsymbols01_png_64/wsymbol_0004_black_low_cloud.png,Partly cloudy,0,83,10,1018,28,13,55,10,50,13,55,6,10,13,55,14,77,0,48,60,0,0,0,0,0
5/27/2019,400,13,55,5,8,294,WNW,176,http://cdn.worldweatheronline.net/images/wsymbols01_png_64/wsymbol_0025_light_rain_showers_night.png,Patchy rain possible,0,83,10,1018,28,13,55,10,50,13,55,6,10,13,55,14,77,0,48,60,0,0,0,0,0
5/27/2019,500,13,55,5,8,294,WNW,116,http://cdn.worldweatheronline.net/images/wsymbols01_png_64/wsymbol_0004_black_low_cloud.png,Partly cloudy,0,83,10,1018,28,13,55,10,50,13,55,6,10,13,55,14,77,0,48,60,0,0,0,0,0
5/27/2019,600,13,56,5,9,240,WSW,176,http://cdn.worldweatheronline.net/images/wsymbols01_png_64/wsymbol_0025_light_rain_showers_night.png,Patchy rain possible,0,84,10,1017,39,13,56,10,51,13,55,7,11,13,55,27,61,0,56,48,0,0,0,0,0
5/27/2019,700,14,56,7,11,23,NNE,176,http://cdn.worldweatheronline.net/images/wsymbols01_png_64/wsymbol_0009_light_rain_showers.png,Patchy rain possible,0.1,86,10,1014,84,14,56,11,52,13,55,9,14,13,55,82,0,0,87,0,0,0,0,0,0
5/27/2019,800,14,58,7,11,72,ENE,119,http://cdn.worldweatheronline.net/images/wsymbols01_png_64/wsymbol_0003_white_cloud.png,Cloudy,0.1,80,10,1016,84,14,58,11,51,14,57,9,14,14,57,68,15,0,88,2,0,0,0,0,0
5/27/2019,900,14,58,7,11,72,ENE,176,http://cdn.worldweatheronline.net/images/wsymbols01_png_64/wsymbol_0009_light_rain_showers.png,Patchy rain possible,0.1,80,10,1016,84,14,58,11,51,14,57,9,14,14,57,68,15,0,88,2,0,0,0,0,0
5/27/2019,1000,14,58,7,11,72,ENE,119,http://cdn.worldweatheronline.net/images/wsymbols01_png_64/wsymbol_0003_white_cloud.png,Cloudy,0.1,80,10,1016,84,14,58,11,51,14,57,9,14,14,57,68,15,0,88,2,0,0,0,0,0
5/27/2019,1100,14,58,7,11,72,ENE,176,http://cdn.worldweatheronline.net/images/wsymbols01_png_64/wsymbol_0009_light_rain_showers.png,Patchy rain possible,0.1,80,10,1016,84,14,58,11,51,14,57,9,14,14,57,68,15,0,88,2,0,0,0,0,0
5/27/2019,1200,15,60,7,11,120,ESE,119,http://cdn.worldweatheronline.net/images/wsymbols01_png_64/wsymbol_0003_white_cloud.png,Cloudy,0.1,74,10,1017,83,15,60,10,50,15,59,8,13,15,59,55,30,0,88,4,0,0,0,0,0
5/27/2019,1300,19,66,7,11,314,NW,119,http://cdn.worldweatheronline.net/images/wsymbols01_png_64/wsymbol_0003_white_cloud.png,Cloudy,0,50,10,1023,82,19,66,8,47,19,66,8,13,19,66,0,90,0,91,13,0,0,0,0,0
5/27/2019,1400,18,65,8,13,308,NW,353,http://cdn.worldweatheronline.net/images/wsymbols01_png_64/wsymbol_0009_light_rain_showers.png,Light rain shower,0.2,54,10,1022,80,18,65,8,47,18,64,10,15,18,64,13,75,0,89,11,0,0,0,0,0
5/27/2019,1500,18,65,8,13,308,NW,119,http://cdn.worldweatheronline.net/images/wsymbols01_png_64/wsymbol_0003_white_cloud.png,Cloudy,0.2,54,10,1022,80,18,65,8,47,18,64,10,15,18,64,13,75,0,89,11,0,0,0,0,0
5/27/2019,1600,18,65,8,13,308,NW,353,http://cdn.worldweatheronline.net/images/wsymbols01_png_64/wsymbol_0009_light_rain_showers.png,Light rain shower,0.2,54,10,1022,80,18,65,8,47,18,64,10,15,18,64,13,75,0,89,11,0,0,0,0,0
5/27/2019,1700,18,65,8,13,308,NW,119,http://cdn.worldweatheronline.net/images/wsymbols01_png_64/wsymbol_0003_white_cloud.png,Cloudy,0.2,54,10,1022,80,18,65,8,47,18,64,10,15,18,64,13,75,0,89,11,0,0,0,0,0
5/27/2019,1800,17,63,9,14,302,WNW,353,http://cdn.worldweatheronline.net/images/wsymbols01_png_64/wsymbol_0009_light_rain_showers.png,Light rain shower,0.4,58,10,1020,79,17,63,9,47,17,62,11,18,17,62,25,60,0,87,9,0,0,0,0,0
5/27/2019,1900,14,58,12,19,277,W,353,http://cdn.worldweatheronline.net/images/wsymbols01_png_64/wsymbol_0009_light_rain_showers.png,Light rain shower,1.1,73,10,1016,72,14,58,10,49,13,55,18,29,13,55,75,0,0,80,0,0,0,0,0,0
5/27/2019,2000,14,56,12,19,274,W,356,http://cdn.worldweatheronline.net/images/wsymbols01_png_64/wsymbol_0010_heavy_rain_showers.png,Moderate or heavy rain shower,2,76,10,1014,74,14,56,9,49,12,54,19,30,12,54,75,0,0,82,0,0,0,0,0,0
5/27/2019,2100,14,56,12,19,274,W,353,http://cdn.worldweatheronline.net/images/wsymbols01_png_64/wsymbol_0009_light_rain_showers.png,Light rain shower,2,76,10,1014,74,14,56,9,49,12,54,19,30,12,54,75,0,0,82,0,0,0,0,0,0
5/27/2019,2200,14,56,12,19,274,W,356,http://cdn.worldweatheronline.net/images/wsymbols01_png_64/wsymbol_0026_heavy_rain_showers_night.png,Moderate or heavy rain shower,2,76,10,1014,74,14,56,9,49,12,54,19,30,12,54,75,0,0,82,0,0,0,0,0,0
5/27/2019,2300,14,56,12,19,274,W,353,http://cdn.worldweatheronline.net/images/wsymbols01_png_64/wsymbol_0025_light_rain_showers_night.png,Light rain shower,2,76,10,1014,74,14,56,9,49,12,54,19,30,12,54,75,0,0,82,0,0,0,0,0,0
5/28/2019,0,13,55,12,19,272,W,356,http://cdn.worldweatheronline.net/images/wsymbols01_png_64/wsymbol_0026_heavy_rain_showers_night.png,Moderate or heavy rain shower,2.8,78,9,1012,76,13,55,9,48,11,52,19,31,11,52,74,0,0,83,0,0,0,0,0,0
5/28/2019,100,10,50,12,20,264,W,356,http://cdn.worldweatheronline.net/images/wsymbols01_png_64/wsymbol_0026_heavy_rain_showers_night.png,Moderate or heavy rain shower,6.3,88,7,1004,84,10,50,8,47,8,46,23,36,8,46,72,0,0,90,0,0,0,0,0,0
5/28/2019,200,10,51,11,18,263,W,176,http://cdn.worldweatheronline.net/images/wsymbols01_png_64/wsymbol_0025_light_rain_showers_night.png,Patchy rain possible,5.3,88,7,1006,83,10,51,8,47,8,47,20,32,8,47,72,0,0,89,0,0,0,0,0,0
5/28/2019,300,10,51,11,18,263,W,356,http://cdn.worldweatheronline.net/images/wsymbols01_png_64/wsymbol_0026_heavy_rain_showers_night.png,Moderate or heavy rain shower,5.3,88,7,1006,83,10,51,8,47,8,47,20,32,8,47,72,0,0,89,0,0,0,0,0,0
5/28/2019,400,10,51,11,18,263,W,176,http://cdn.worldweatheronline.net/images/wsymbols01_png_64/wsymbol_0025_light_rain_showers_night.png,Patchy rain possible,5.3,88,7,1006,83,10,51,8,47,8,47,20,32,8,47,72,0,0,89,0,0,0,0,0,0
5/28/2019,500,10,51,11,18,263,W,356,http://cdn.worldweatheronline.net/images/wsymbols01_png_64/wsymbol_0026_heavy_rain_showers_night.png,Moderate or heavy rain shower,5.3,88,7,1006,83,10,51,8,47,8,47,20,32,8,47,72,0,0,89,0,0,0,0,0,0
5/28/2019,600,11,51,10,16,262,W,176,http://cdn.worldweatheronline.net/images/wsymbols01_png_64/wsymbol_0025_light_rain_showers_night.png,Patchy rain possible,4.3,87,8,1009,82,11,51,9,47,9,47,17,28,9,47,72,0,0,88,0,0,0,0,0,0
5/28/2019,700,11,52,6,9,259,WSW,176,http://cdn.worldweatheronline.net/images/wsymbols01_png_64/wsymbol_0009_light_rain_showers.png,Patchy rain possible,0.2,85,9,1018,78,11,52,9,48,10,50,7,12,10,50,72,0,0,84,0,0,0,0,0,0
5/28/2019,800,13,55,7,11,265,W,353,http://cdn.worldweatheronline.net/images/wsymbols01_png_64/wsymbol_0009_light_rain_showers.png,Light rain shower,0.4,82,9,1018,79,13,55,9,49,12,53,9,14,12,53,72,0,0,84,0,0,0,0,0,0
5/28/2019,900,13,55,7,11,265,W,176,http://cdn.worldweatheronline.net/images/wsymbols01_png_64/wsymbol_0009_light_rain_showers.png,Patchy rain possible,0.4,82,9,1018,79,13,55,9,49,12,53,9,14,12,53,72,0,0,84,0,0,0,0,0,0
5/28/2019,1000,13,55,7,11,265,W,353,http://cdn.worldweatheronline.net/images/wsymbols01_png_64/wsymbol_0009_light_rain_showers.png,Light rain shower,0.4,82,9,1018,79,13,55,9,49,12,53,9,14,12,53,72,0,0,84,0,0,0,0,0,0
5/28/2019,1100,13,55,7,11,265,W,176,http://cdn.worldweatheronline.net/images/wsymbols01_png_64/wsymbol_0009_light_rain_showers.png,Patchy rain possible,0.4,82,9,1018,79,13,55,9,49,12,53,9,14,12,53,72,0,0,84,0,0,0,0,0,0
5/28/2019,1200,14,57,8,12,272,W,353,http://cdn.worldweatheronline.net/images/wsymbols01_png_64/wsymbol_0009_light_rain_showers.png,Light rain shower,0.5,78,9,1019,80,14,57,10,50,13,56,10,16,13,56,72,0,0,84,0,0,0,0,0,0
5/28/2019,1300,19,66,11,18,297,WNW,353,http://cdn.worldweatheronline.net/images/wsymbols01_png_64/wsymbol_0009_light_rain_showers.png,Light rain shower,1.2,63,10,1020,83,19,66,12,53,19,66,15,23,19,66,73,0,0,85,0,0,0,0,0,0
5/28/2019,1400,18,65,11,18,288,WNW,353,http://cdn.worldweatheronline.net/images/wsymbols01_png_64/wsymbol_0009_light_rain_showers.png,Light rain shower,1.1,66,10,1020,86,18,65,12,53,18,64,14,23,18,64,73,0,0,84,0,0,0,0,0,0
5/28/2019,1500,18,65,11,18,288,WNW,353,http://cdn.worldweatheronline.net/images/wsymbols01_png_64/wsymbol_0009_light_rain_showers.png,Light rain shower,1.1,66,10,1020,86,18,65,12,53,18,64,14,23,18,64,73,0,0,84,0,0,0,0,0,0
5/28/2019,1600,18,65,11,18,288,WNW,353,http://cdn.worldweatheronline.net/images/wsymbols01_png_64/wsymbol_0009_light_rain_showers.png,Light rain shower,1.1,66,10,1020,86,18,65,12,53,18,64,14,23,18,64,73,0,0,84,0,0,0,0,0,0
5/28/2019,1700,18,65,11,18,288,WNW,353,http://cdn.worldweatheronline.net/images/wsymbols01_png_64/wsymbol_0009_light_rain_showers.png,Light rain shower,1.1,66,10,1020,86,18,65,12,53,18,64,14,23,18,64,73,0,0,84,0,0,0,0,0,0
5/28/2019,1800,18,64,11,17,280,W,353,http://cdn.worldweatheronline.net/images/wsymbols01_png_64/wsymbol_0009_light_rain_showers.png,Light rain shower,0.9,69,10,1020,89,18,64,12,53,17,63,14,22,17,63,73,0,0,84,0,0,0,0,0,0
5/28/2019,1900,15,59,9,15,244,WSW,353,http://cdn.worldweatheronline.net/images/wsymbols01_png_64/wsymbol_0009_light_rain_showers.png,Light rain shower,0.3,81,10,1019,100,15,59,12,53,14,57,13,21,14,57,72,0,0,81,0,0,0,0,0,0
5/28/2019,2000,15,58,9,14,252,WSW,176,http://cdn.worldweatheronline.net/images/wsymbols01_png_64/wsymbol_0009_light_rain_showers.png,Patchy rain possible,0.4,82,10,1019,97,15,58,11,53,14,56,12,19,14,56,74,0,0,83,0,0,0,0,0,0
5/28/2019,2100,15,58,9,14,252,WSW,353,http://cdn.worldweatheronline.net/images/wsymbols01_png_64/wsymbol_0009_light_rain_showers.png,Light rain shower,0.4,82,10,1019,97,15,58,11,53,14,56,12,19,14,56,74,0,0,83,0,0,0,0,0,0
5/28/2019,2200,15,58,9,14,252,WSW,176,http://cdn.worldweatheronline.net/images/wsymbols01_png_64/wsymbol_0025_light_rain_showers_night.png,Patchy rain possible,0.4,82,10,1019,97,15,58,11,53,14,56,12,19,14,56,74,0,0,83,0,0,0,0,0,0
5/28/2019,2300,15,58,9,14,252,WSW,353,http://cdn.worldweatheronline.net/images/wsymbols01_png_64/wsymbol_0025_light_rain_showers_night.png,Light rain shower,0.4,82,10,1019,97,15,58,11,53,14,56,12,19,14,56,74,0,0,83,0,0,0,0,0,0
5/29/2019,0,14,58,8,13,260,W,176,http://cdn.worldweatheronline.net/images/wsymbols01_png_64/wsymbol_0025_light_rain_showers_night.png,Patchy rain possible,0.5,82,10,1019,95,14,58,11,52,13,56,11,18,13,56,76,0,0,84,0,0,0,0,0,0
5/29/2019,100,13,56,5,8,292,WNW,176,http://cdn.worldweatheronline.net/images/wsymbols01_png_64/wsymbol_0025_light_rain_showers_night.png,Patchy rain possible,0.8,84,9,1019,84,13,56,11,51,13,55,8,13,13,55,84,0,0,90,0,0,0,0,0,0
5/29/2019,200,13,56,6,9,285,WNW,263,http://cdn.worldweatheronline.net/images/wsymbols01_png_64/wsymbol_0025_light_rain_showers_night.png,Patchy light drizzle,0.8,85,8,1018,82,13,56,11,51,13,55,9,14,13,55,84,0,0,90,0,0,0,0,0,0
5/29/2019,300,13,56,6,9,285,WNW,176,http://cdn.worldweatheronline.net/images/wsymbols01_png_64/wsymbol_0025_light_rain_showers_night.png,Patchy rain possible,0.8,85,8,1018,82,13,56,11,51,13,55,9,14,13,55,84,0,0,90,0,0,0,0,0,0
5/29/2019,400,13,56,6,9,285,WNW,263,http://cdn.worldweatheronline.net/images/wsymbols01_png_64/wsymbol_0025_light_rain_showers_night.png,Patchy light drizzle,0.8,85,8,1018,82,13,56,11,51,13,55,9,14,13,55,84,0,0,90,0,0,0,0,0,0
5/29/2019,500,13,56,6,9,285,WNW,176,http://cdn.worldweatheronline.net/images/wsymbols01_png_64/wsymbol_0025_light_rain_showers_night.png,Patchy rain possible,0.8,85,8,1018,82,13,56,11,51,13,55,9,14,13,55,84,0,0,90,0,0,0,0,0,0
5/29/2019,600,13,56,7,11,278,W,263,http://cdn.worldweatheronline.net/images/wsymbols01_png_64/wsymbol_0025_light_rain_showers_night.png,Patchy light drizzle,0.7,85,8,1018,81,13,56,11,51,13,55,10,16,13,55,84,0,0,90,0,0,0,0,0,0
5/29/2019,700,14,56,10,16,250,WSW,263,http://cdn.worldweatheronline.net/images/wsymbols01_png_64/wsymbol_0009_light_rain_showers.png,Patchy light drizzle,0.5,88,5,1018,74,14,56,12,53,12,54,13,22,12,54,85,0,0,91,0,0,0,0,0,0
5/29/2019,800,14,57,11,17,255,WSW,353,http://cdn.worldweatheronline.net/images/wsymbols01_png_64/wsymbol_0009_light_rain_showers.png,Light rain shower,0.6,85,6,1017,74,14,57,12,53,13,56,14,23,13,56,82,0,0,90,0,0,0,0,0,0
5/29/2019,900,14,57,11,17,255,WSW,263,http://cdn.worldweatheronline.net/images/wsymbols01_png_64/wsymbol_0009_light_rain_showers.png,Patchy light drizzle,0.6,85,6,1017,74,14,57,12,53,13,56,14,23,13,56,82,0,0,90,0,0,0,0,0,0
5/29/2019,1000,14,57,11,17,255,WSW,353,http://cdn.worldweatheronline.net/images/wsymbols01_png_64/wsymbol_0009_light_rain_showers.png,Light rain shower,0.6,85,6,1017,74,14,57,12,53,13,56,14,23,13,56,82,0,0,90,0,0,0,0,0,0
5/29/2019,1100,14,57,11,17,255,WSW,263,http://cdn.worldweatheronline.net/images/wsymbols01_png_64/wsymbol_0009_light_rain_showers.png,Patchy light drizzle,0.6,85,6,1017,74,14,57,12,53,13,56,14,23,13,56,82,0,0,90,0,0,0,0,0,0
5/29/2019,1200,15,59,11,18,260,W,353,http://cdn.worldweatheronline.net/images/wsymbols01_png_64/wsymbol_0009_light_rain_showers.png,Light rain shower,0.6,82,7,1017,74,15,59,12,53,14,57,15,24,14,57,80,0,0,90,0,0,0,0,0,0
5/29/2019,1300,17,63,15,23,280,W,353,http://cdn.worldweatheronline.net/images/wsymbols01_png_64/wsymbol_0009_light_rain_showers.png,Light rain shower,0.9,70,10,1016,75,17,63,12,53,17,63,18,29,17,63,69,0,0,87,0,0,0,0,0,0
5/29/2019,1400,17,63,14,23,274,W,353,http://cdn.worldweatheronline.net/images/wsymbols01_png_64/wsymbol_0009_light_rain_showers.png,Light rain shower,1,72,10,1016,77,17,63,12,53,17,63,18,29,17,63,71,0,0,88,0,0,0,0,0,0
5/29/2019,1500,17,63,14,23,274,W,353,http://cdn.worldweatheronline.net/images/wsymbols01_png_64/wsymbol_0009_light_rain_showers.png,Light rain shower,1,72,10,1016,77,17,63,12,53,17,63,18,29,17,63,71,0,0,88,0,0,0,0,0,0
5/29/2019,1600,17,63,14,23,274,W,353,http://cdn.worldweatheronline.net/images/wsymbols01_png_64/wsymbol_0009_light_rain_showers.png,Light rain shower,1,72,10,1016,77,17,63,12,53,17,63,18,29,17,63,71,0,0,88,0,0,0,0,0,0
5/29/2019,1700,17,63,14,23,274,W,353,http://cdn.worldweatheronline.net/images/wsymbols01_png_64/wsymbol_0009_light_rain_showers.png,Light rain shower,1,72,10,1016,77,17,63,12,53,17,63,18,29,17,63,71,0,0,88,0,0,0,0,0,0
5/29/2019,1800,17,62,14,22,269,W,353,http://cdn.worldweatheronline.net/images/wsymbols01_png_64/wsymbol_0009_light_rain_showers.png,Light rain shower,1,75,10,1015,79,17,62,12,54,17,62,18,28,17,62,73,0,0,88,0,0,0,0,0,0
5/29/2019,1900,15,59,12,19,249,WSW,353,http://cdn.worldweatheronline.net/images/wsymbols01_png_64/wsymbol_0009_light_rain_showers.png,Light rain shower,1.3,84,10,1015,87,15,59,13,55,15,59,17,28,15,59,82,0,0,91,0,0,0,0,0,0
5/29/2019,2000,15,58,11,18,257,WSW,176,http://cdn.worldweatheronline.net/images/wsymbols01_png_64/wsymbol_0009_light_rain_showers.png,Patchy rain possible,1.1,83,10,1015,86,15,58,12,53,14,58,17,28,14,58,81,0,0,91,0,0,0,0,0,0
5/29/2019,2100,15,58,11,18,257,WSW,353,http://cdn.worldweatheronline.net/images/wsymbols01_png_64/wsymbol_0009_light_rain_showers.png,Light rain shower,1.1,83,10,1015,86,15,58,12,53,14,58,17,28,14,58,81,0,0,91,0,0,0,0,0,0
5/29/2019,2200,15,58,11,18,257,WSW,176,http://cdn.worldweatheronline.net/images/wsymbols01_png_64/wsymbol_0025_light_rain_showers_night.png,Patchy rain possible,1.1,83,10,1015,86,15,58,12,53,14,58,17,28,14,58,81,0,0,91,0,0,0,0,0,0
5/29/2019,2300,15,58,11,18,257,WSW,353,http://cdn.worldweatheronline.net/images/wsymbols01_png_64/wsymbol_0025_light_rain_showers_night.png,Light rain shower,1.1,83,10,1015,86,15,58,12,53,14,58,17,28,14,58,81,0,0,91,0,0,0,0,0,0
5/30/2019,0,14,57,11,18,265,W,176,http://cdn.worldweatheronline.net/images/wsymbols01_png_64/wsymbol_0025_light_rain_showers_night.png,Patchy rain possible,1,81,10,1016,84,14,57,11,51,13,56,17,27,13,56,80,0,0,92,0,0,0,0,0,0
5/30/2019,100,11,52,10,16,297,WNW,176,http://cdn.worldweatheronline.net/images/wsymbols01_png_64/wsymbol_0025_light_rain_showers_night.png,Patchy rain possible,0.4,75,9,1018,77,11,52,7,44,9,49,15,25,9,49,76,0,0,93,0,0,0,0,0,0
5/30/2019,200,11,53,10,16,291,WNW,353,http://cdn.worldweatheronline.net/images/wsymbols01_png_64/wsymbol_0025_light_rain_showers_night.png,Light rain shower,0.5,77,9,1017,81,11,53,8,46,10,49,15,25,10,49,75,0,0,92,0,0,0,0,0,0
5/30/2019,300,11,53,10,16,291,WNW,176,http://cdn.worldweatheronline.net/images/wsymbols01_png_64/wsymbol_0025_light_rain_showers_night.png,Patchy rain possible,0.5,77,9,1017,81,11,53,8,46,10,49,15,25,10,49,75,0,0,92,0,0,0,0,0,0
5/30/2019,400,11,53,10,16,291,WNW,353,http://cdn.worldweatheronline.net/images/wsymbols01_png_64/wsymbol_0025_light_rain_showers_night.png,Light rain shower,0.5,77,9,1017,81,11,53,8,46,10,49,15,25,10,49,75,0,0,92,0,0,0,0,0,0
5/30/2019,500,11,53,10,16,291,WNW,176,http://cdn.worldweatheronline.net/images/wsymbols01_png_64/wsymbol_0025_light_rain_showers_night.png,Patchy rain possible,0.5,77,9,1017,81,11,53,8,46,10,49,15,25,10,49,75,0,0,92,0,0,0,0,0,0
5/30/2019,600,12,53,10,16,285,WNW,353,http://cdn.worldweatheronline.net/images/wsymbols01_png_64/wsymbol_0025_light_rain_showers_night.png,Light rain shower,0.6,80,9,1016,85,12,53,8,47,10,50,15,25,10,50,74,0,0,91,0,0,0,0,0,0
5/30/2019,700,13,55,11,17,261,W,353,http://cdn.worldweatheronline.net/images/wsymbols01_png_64/wsymbol_0009_light_rain_showers.png,Light rain shower,1,89,10,1013,100,13,55,11,52,11,52,15,25,11,52,71,0,0,86,0,0,0,0,0,0
5/30/2019,800,14,56,11,17,268,W,176,http://cdn.worldweatheronline.net/images/wsymbols01_png_64/wsymbol_0009_light_rain_showers.png,Patchy rain possible,0.9,83,10,1014,96,14,56,11,51,12,54,15,24,12,54,73,0,0,87,0,0,0,0,0,0
5/30/2019,900,14,56,11,17,268,W,353,http://cdn.worldweatheronline.net/images/wsymbols01_png_64/wsymbol_0009_light_rain_showers.png,Light rain shower,0.9,83,10,1014,96,14,56,11,51,12,54,15,24,12,54,73,0,0,87,0,0,0,0,0,0
5/30/2019,1000,14,56,11,17,268,W,176,http://cdn.worldweatheronline.net/images/wsymbols01_png_64/wsymbol_0009_light_rain_showers.png,Patchy rain possible,0.9,83,10,1014,96,14,56,11,51,12,54,15,24,12,54,73,0,0,87,0,0,0,0,0,0
5/30/2019,1100,14,56,11,17,268,W,353,http://cdn.worldweatheronline.net/images/wsymbols01_png_64/wsymbol_0009_light_rain_showers.png,Light rain shower,0.9,83,10,1014,96,14,56,11,51,12,54,15,24,12,54,73,0,0,87,0,0,0,0,0,0
5/30/2019,1200,14,58,11,17,274,W,176,http://cdn.worldweatheronline.net/images/wsymbols01_png_64/wsymbol_0009_light_rain_showers.png,Patchy rain possible,0.7,78,10,1015,93,14,58,10,50,13,56,14,23,13,56,75,0,0,87,0,0,0,0,0,0
5/30/2019,1300,17,63,10,16,300,WNW,176,http://cdn.worldweatheronline.net/images/wsymbols01_png_64/wsymbol_0009_light_rain_showers.png,Patchy rain possible,0.1,55,10,1020,78,17,63,8,47,17,63,12,19,17,63,84,0,0,89,0,0,0,0,0,0
5/30/2019,1400,17,63,10,16,305,NW,299,http://cdn.worldweatheronline.net/images/wsymbols01_png_64/wsymbol_0010_heavy_rain_showers.png,Moderate rain at times,0.2,57,10,1020,77,17,63,9,47,17,63,11,18,17,63,82,0,0,89,0,0,0,0,0,0
5/30/2019,1500,17,63,10,16,305,NW,176,http://cdn.worldweatheronline.net/images/wsymbols01_png_64/wsymbol_0009_light_rain_showers.png,Patchy rain possible,0.2,57,10,1020,77,17,63,9,47,17,63,11,18,17,63,82,0,0,89,0,0,0,0,0,0
5/30/2019,1600,17,63,10,16,305,NW,299,http://cdn.worldweatheronline.net/images/wsymbols01_png_64/wsymbol_0010_heavy_rain_showers.png,Moderate rain at times,0.2,57,10,1020,77,17,63,9,47,17,63,11,18,17,63,82,0,0,89,0,0,0,0,0,0
5/30/2019,1700,17,63,10,16,305,NW,176,http://cdn.worldweatheronline.net/images/wsymbols01_png_64/wsymbol_0009_light_rain_showers.png,Patchy rain possible,0.2,57,10,1020,77,17,63,9,47,17,63,11,18,17,63,82,0,0,89,0,0,0,0,0,0
5/30/2019,1800,17,62,10,15,310,NW,299,http://cdn.worldweatheronline.net/images/wsymbols01_png_64/wsymbol_0010_heavy_rain_showers.png,Moderate rain at times,0.2,58,10,1019,75,17,62,9,48,17,62,11,18,17,62,80,0,0,89,0,0,0,0,0,0
5/30/2019,1900,16,61,9,14,329,NNW,299,http://cdn.worldweatheronline.net/images/wsymbols01_png_64/wsymbol_0010_heavy_rain_showers.png,Moderate rain at times,0.5,64,10,1017,70,16,61,9,49,16,61,11,17,16,61,71,0,0,88,0,0,0,0,0,0
5/30/2019,2000,16,60,8,13,321,NW,176,http://cdn.worldweatheronline.net/images/wsymbols01_png_64/wsymbol_0009_light_rain_showers.png,Patchy rain possible,0.5,67,10,1017,72,16,60,9,49,15,60,10,16,15,60,69,0,0,88,0,0,0,0,0,0
5/30/2019,2100,16,60,8,13,321,NW,299,http://cdn.worldweatheronline.net/images/wsymbols01_png_64/wsymbol_0010_heavy_rain_showers.png,Moderate rain at times,0.5,67,10,1017,72,16,60,9,49,15,60,10,16,15,60,69,0,0,88,0,0,0,0,0,0
5/30/2019,2200,16,60,8,13,321,NW,176,http://cdn.worldweatheronline.net/images/wsymbols01_png_64/wsymbol_0025_light_rain_showers_night.png,Patchy rain possible,0.5,67,10,1017,72,16,60,9,49,15,60,10,16,15,60,69,0,0,88,0,0,0,0,0,0
5/30/2019,2300,16,60,8,13,321,NW,299,http://cdn.worldweatheronline.net/images/wsymbols01_png_64/wsymbol_0026_heavy_rain_showers_night.png,Moderate rain at times,0.5,67,10,1017,72,16,60,9,49,15,60,10,16,15,60,69,0,0,88,0,0,0,0,0,0
5/31/2019,0,15,59,7,12,314,NW,176,http://cdn.worldweatheronline.net/images/wsymbols01_png_64/wsymbol_0025_light_rain_showers_night.png,Patchy rain possible,0.4,70,10,1018,75,15,59,9,49,15,58,9,14,15,58,67,0,0,87,0,0,0,0,0,0
5/31/2019,100,12,53,4,7,286,WNW,176,http://cdn.worldweatheronline.net/images/wsymbols01_png_64/wsymbol_0025_light_rain_showers_night.png,Patchy rain possible,0.2,82,10,1022,84,12,53,9,48,12,53,6,9,12,53,60,0,0,86,0,0,0,0,0,0
5/31/2019,200,12,53,4,7,253,WSW,116,http://cdn.worldweatheronline.net/images/wsymbols01_png_64/wsymbol_0004_black_low_cloud.png,Partly cloudy,0.2,82,10,1021,71,12,53,9,48,11,52,6,9,11,52,50,13,0,79,14,0,0,0,0,0
5/31/2019,300,12,53,4,7,253,WSW,176,http://cdn.worldweatheronline.net/images/wsymbols01_png_64/wsymbol_0025_light_rain_showers_night.png,Patchy rain possible,0.2,82,10,1021,71,12,53,9,48,11,52,6,9,11,52,50,13,0,79,14,0,0,0,0,0
5/31/2019,400,12,53,4,7,253,WSW,116,http://cdn.worldweatheronline.net/images/wsymbols01_png_64/wsymbol_0004_black_low_cloud.png,Partly cloudy,0.2,82,10,1021,71,12,53,9,48,11,52,6,9,11,52,50,13,0,79,14,0,0,0,0,0
5/31/2019,500,12,53,4,7,253,WSW,176,http://cdn.worldweatheronline.net/images/wsymbols01_png_64/wsymbol_0025_light_rain_showers_night.png,Patchy rain possible,0.2,82,10,1021,71,12,53,9,48,11,52,6,9,11,52,50,13,0,79,14,0,0,0,0,0
5/31/2019,600,12,53,5,8,221,SW,116,http://cdn.worldweatheronline.net/images/wsymbols01_png_64/wsymbol_0004_black_low_cloud.png,Partly cloudy,0.1,82,10,1021,58,12,53,9,47,11,52,6,9,11,52,40,27,0,73,28,0,0,0,0,0
5/31/2019,700,11,52,5,9,91,E,116,http://cdn.worldweatheronline.net/images/wsymbols01_png_64/wsymbol_0002_sunny_intervals.png,Partly cloudy,0,81,10,1020,7,11,52,8,46,10,50,6,10,10,50,0,80,0,46,84,0,0,0,0,0
5/31/2019,800,12,54,6,9,119,ESE,116,http://cdn.worldweatheronline.net/images/wsymbols01_png_64/wsymbol_0002_sunny_intervals.png,Partly cloudy,0,77,10,1020,14,12,54,8,47,11,53,7,11,11,53,0,82,0,45,82,0,0,0,0,0
5/31/2019,900,12,54,6,9,119,ESE,116,http://cdn.worldweatheronline.net/images/wsymbols01_png_64/wsymbol_0002_sunny_intervals.png,Partly cloudy,0,77,10,1020,14,12,54,8,47,11,53,7,11,11,53,0,82,0,45,82,0,0,0,0,0
5/31/2019,1000,12,54,6,9,119,ESE,116,http://cdn.worldweatheronline.net/images/wsymbols01_png_64/wsymbol_0002_sunny_intervals.png,Partly cloudy,0,77,10,1020,14,12,54,8,47,11,53,7,11,11,53,0,82,0,45,82,0,0,0,0,0
5/31/2019,1100,12,54,6,9,119,ESE,116,http://cdn.worldweatheronline.net/images/wsymbols01_png_64/wsymbol_0002_sunny_intervals.png,Partly cloudy,0,77,10,1020,14,12,54,8,47,11,53,7,11,11,53,0,82,0,45,82,0,0,0,0,0
5/31/2019,1200,13,56,6,10,146,SSE,116,http://cdn.worldweatheronline.net/images/wsymbols01_png_64/wsymbol_0002_sunny_intervals.png,Partly cloudy,0,73,10,1020,22,13,56,8,47,13,55,7,12,13,55,0,83,0,44,80,0,0,0,0,0
5/31/2019,1300,18,64,8,13,256,WSW,116,http://cdn.worldweatheronline.net/images/wsymbols01_png_64/wsymbol_0002_sunny_intervals.png,Partly cloudy,0,58,10,1020,53,18,64,9,49,18,64,10,15,18,64,0,90,0,40,71,0,0,0,0,0
5/31/2019,1400,18,64,8,13,233,SW,116,http://cdn.worldweatheronline.net/images/wsymbols01_png_64/wsymbol_0002_sunny_intervals.png,Partly cloudy,0,59,10,1019,50,18,64,10,49,18,64,10,15,18,64,0,89,0,39,71,0,0,0,0,0
5/31/2019,1500,18,64,8,13,233,SW,116,http://cdn.worldweatheronline.net/images/wsymbols01_png_64/wsymbol_0002_sunny_intervals.png,Partly cloudy,0,59,10,1019,50,18,64,10,49,18,64,10,15,18,64,0,89,0,39,71,0,0,0,0,0
5/31/2019,1600,18,64,8,13,233,SW,116,http://cdn.worldweatheronline.net/images/wsymbols01_png_64/wsymbol_0002_sunny_intervals.png,Partly cloudy,0,59,10,1019,50,18,64,10,49,18,64,10,15,18,64,0,89,0,39,71,0,0,0,0,0
5/31/2019,1700,18,64,8,13,233,SW,116,http://cdn.worldweatheronline.net/images/wsymbols01_png_64/wsymbol_0002_sunny_intervals.png,Partly cloudy,0,59,10,1019,50,18,64,10,49,18,64,10,15,18,64,0,89,0,39,71,0,0,0,0,0
5/31/2019,1800,18,64,8,13,210,SSW,116,http://cdn.worldweatheronline.net/images/wsymbols01_png_64/wsymbol_0002_sunny_intervals.png,Partly cloudy,0,60,10,1018,47,18,64,10,50,18,64,9,15,18,64,0,87,0,37,71,0,0,0,0,0
5/31/2019,1900,18,65,7,11,119,ESE,116,http://cdn.worldweatheronline.net/images/wsymbols01_png_64/wsymbol_0002_sunny_intervals.png,Partly cloudy,0,63,10,1014,36,18,65,11,52,18,65,9,15,18,65,0,81,0,31,72,0,0,0,0,0
5/31/2019,2000,17,63,7,11,139,SE,353,http://cdn.worldweatheronline.net/images/wsymbols01_png_64/wsymbol_0009_light_rain_showers.png,Light rain shower,0,67,10,1014,42,17,63,11,52,17,63,10,15,17,63,13,68,0,39,60,0,0,0,0,0
5/31/2019,2100,17,63,7,11,139,SE,116,http://cdn.worldweatheronline.net/images/wsymbols01_png_64/wsymbol_0002_sunny_intervals.png,Partly cloudy,0,67,10,1014,42,17,63,11,52,17,63,10,15,17,63,13,68,0,39,60,0,0,0,0,0
5/31/2019,2200,17,63,7,11,139,SE,353,http://cdn.worldweatheronline.net/images/wsymbols01_png_64/wsymbol_0025_light_rain_showers_night.png,Light rain shower,0,67,10,1014,42,17,63,11,52,17,63,10,15,17,63,13,68,0,39,60,0,0,0,0,0
5/31/2019,2300,17,63,7,11,139,SE,116,http://cdn.worldweatheronline.net/images/wsymbols01_png_64/wsymbol_0004_black_low_cloud.png,Partly cloudy,0,67,10,1014,42,17,63,11,52,17,63,10,15,17,63,13,68,0,39,60,0,0,0,0,0
6/1/2019,0,17,62,7,11,159,SSE,353,http://cdn.worldweatheronline.net/images/wsymbols01_png_64/wsymbol_0025_light_rain_showers_night.png,Light rain shower,0.1,71,10,1015,47,17,62,11,52,16,61,10,16,16,61,26,54,0,48,48,0,0,0,0,0
6/1/2019,100,13,55,7,11,241,WSW,353,http://cdn.worldweatheronline.net/images/wsymbols01_png_64/wsymbol_0025_light_rain_showers_night.png,Light rain shower,0.2,86,10,1016,68,13,55,11,51,12,53,11,18,12,53,77,0,0,81,0,0,0,0,0,0
6/1/2019,200,13,55,7,11,220,SW,116,http://cdn.worldweatheronline.net/images/wsymbols01_png_64/wsymbol_0004_black_low_cloud.png,Partly cloudy,0.2,85,10,1015,59,13,55,11,51,12,54,11,18,12,54,64,16,0,74,14,0,0,0,0,0
6/1/2019,300,13,55,7,11,220,SW,353,http://cdn.worldweatheronline.net/images/wsymbols01_png_64/wsymbol_0025_light_rain_showers_night.png,Light rain shower,0.2,85,10,1015,59,13,55,11,51,12,54,11,18,12,54,64,16,0,74,14,0,0,0,0,0
6/1/2019,400,13,55,7,11,220,SW,116,http://cdn.worldweatheronline.net/images/wsymbols01_png_64/wsymbol_0004_black_low_cloud.png,Partly cloudy,0.2,85,10,1015,59,13,55,11,51,12,54,11,18,12,54,64,16,0,74,14,0,0,0,0,0
6/1/2019,500,13,55,7,11,220,SW,353,http://cdn.worldweatheronline.net/images/wsymbols01_png_64/wsymbol_0025_light_rain_showers_night.png,Light rain shower,0.2,85,10,1015,59,13,55,11,51,12,54,11,18,12,54,64,16,0,74,14,0,0,0,0,0
6/1/2019,600,13,56,7,11,200,SSW,116,http://cdn.worldweatheronline.net/images/wsymbols01_png_64/wsymbol_0004_black_low_cloud.png,Partly cloudy,0.1,84,10,1014,51,13,56,11,51,12,54,11,17,12,54,51,31,0,66,28,0,0,0,0,0
6/1/2019,700,14,57,7,11,117,ESE,116,http://cdn.worldweatheronline.net/images/wsymbols01_png_64/wsymbol_0002_sunny_intervals.png,Partly cloudy,0,79,10,1011,16,14,57,10,51,13,56,9,14,13,56,0,93,0,37,85,0,0,0,0,0
6/1/2019,800,15,59,8,12,135,SE,176,http://cdn.worldweatheronline.net/images/wsymbols01_png_64/wsymbol_0009_light_rain_showers.png,Patchy rain possible,0,77,10,1011,27,15,59,11,51,14,58,10,15,14,58,11,78,0,45,71,0,0,0,0,0
6/1/2019,900,15,59,8,12,135,SE,116,http://cdn.worldweatheronline.net/images/wsymbols01_png_64/wsymbol_0002_sunny_intervals.png,Partly cloudy,0,77,10,1011,27,15,59,11,51,14,58,10,15,14,58,11,78,0,45,71,0,0,0,0,0
6/1/2019,1000,15,59,8,12,135,SE,176,http://cdn.worldweatheronline.net/images/wsymbols01_png_64/wsymbol_0009_light_rain_showers.png,Patchy rain possible,0,77,10,1011,27,15,59,11,51,14,58,10,15,14,58,11,78,0,45,71,0,0,0,0,0
6/1/2019,1100,15,59,8,12,135,SE,116,http://cdn.worldweatheronline.net/images/wsymbols01_png_64/wsymbol_0002_sunny_intervals.png,Partly cloudy,0,77,10,1011,27,15,59,11,51,14,58,10,15,14,58,11,78,0,45,71,0,0,0,0,0
6/1/2019,1200,16,60,9,14,152,SSE,176,http://cdn.worldweatheronline.net/images/wsymbols01_png_64/wsymbol_0009_light_rain_showers.png,Patchy rain possible,0,74,10,1011,39,16,60,11,52,15,59,11,17,15,59,22,62,0,54,57,0,0,0,0,0
6/1/2019,1300,19,66,12,19,222,SW,176,http://cdn.worldweatheronline.net/images/wsymbols01_png_64/wsymbol_0009_light_rain_showers.png,Patchy rain possible,0.1,65,10,1013,84,19,66,12,54,19,66,14,22,19,66,65,0,0,87,0,0,0,0,0,0
6/1/2019,1400,19,66,12,19,233,SW,176,http://cdn.worldweatheronline.net/images/wsymbols01_png_64/wsymbol_0009_light_rain_showers.png,Patchy rain possible,0.4,65,10,1013,85,19,66,12,54,19,66,14,23,19,66,66,0,0,87,0,0,0,0,0,0
6/1/2019,1500,19,66,12,19,233,SW,176,http://cdn.worldweatheronline.net/images/wsymbols01_png_64/wsymbol_0009_light_rain_showers.png,Patchy rain possible,0.4,65,10,1013,85,19,66,12,54,19,66,14,23,19,66,66,0,0,87,0,0,0,0,0,0
6/1/2019,1600,19,66,12,19,233,SW,176,http://cdn.worldweatheronline.net/images/wsymbols01_png_64/wsymbol_0009_light_rain_showers.png,Patchy rain possible,0.4,65,10,1013,85,19,66,12,54,19,66,14,23,19,66,66,0,0,87,0,0,0,0,0,0
6/1/2019,1700,19,66,12,19,233,SW,176,http://cdn.worldweatheronline.net/images/wsymbols01_png_64/wsymbol_0009_light_rain_showers.png,Patchy rain possible,0.4,65,10,1013,85,19,66,12,54,19,66,14,23,19,66,66,0,0,87,0,0,0,0,0,0
6/1/2019,1800,19,66,11,18,244,WSW,176,http://cdn.worldweatheronline.net/images/wsymbols01_png_64/wsymbol_0009_light_rain_showers.png,Patchy rain possible,0.7,66,10,1013,86,19,66,12,54,19,66,14,23,19,66,67,0,0,86,0,0,0,0,0,0
6/1/2019,1900,19,65,10,17,287,WNW,176,http://cdn.worldweatheronline.net/images/wsymbols01_png_64/wsymbol_0009_light_rain_showers.png,Patchy rain possible,2,69,9,1012,89,19,65,13,55,19,65,15,24,19,65,71,0,0,85,0,0,0,0,0,0
6/1/2019,2000,18,65,10,16,276,W,116,http://cdn.worldweatheronline.net/images/wsymbols01_png_64/wsymbol_0002_sunny_intervals.png,Partly cloudy,1.7,70,9,1011,83,18,65,13,55,18,65,15,24,18,65,59,14,0,77,15,0,0,0,0,0
6/1/2019,2100,18,65,10,16,276,W,176,http://cdn.worldweatheronline.net/images/wsymbols01_png_64/wsymbol_0009_light_rain_showers.png,Patchy rain possible,1.7,70,9,1011,83,18,65,13,55,18,65,15,24,18,65,59,14,0,77,15,0,0,0,0,0
6/1/2019,2200,18,65,10,16,276,W,116,http://cdn.worldweatheronline.net/images/wsymbols01_png_64/wsymbol_0004_black_low_cloud.png,Partly cloudy,1.7,70,9,1011,83,18,65,13,55,18,65,15,24,18,65,59,14,0,77,15,0,0,0,0,0
6/1/2019,2300,18,65,10,16,276,W,176,http://cdn.worldweatheronline.net/images/wsymbols01_png_64/wsymbol_0025_light_rain_showers_night.png,Patchy rain possible,1.7,70,9,1011,83,18,65,13,55,18,65,15,24,18,65,59,14,0,77,15,0,0,0,0,0
